id,Fecha de creación,Marca,Modelo,Descripción,CVSS_31,CVSS_4
CVE-2025-64446,2025-11-14 16:15:58.567,fortinet,fortiweb,cpe:2.3:a:fortinet:fortiweb:*:*:*:*:*:*:*:*,CRITICAL,
CVE-2025-20363,2025-09-25 16:15:32.497,cisco,adaptive_security_appliance_software,cpe:2.3:o:cisco:adaptive_security_appliance_software:*:*:*:*:*:*:*:*,CRITICAL,
CVE-2025-20333,2025-09-25 16:15:32.073,cisco,adaptive_security_appliance_software,cpe:2.3:o:cisco:adaptive_security_appliance_software:*:*:*:*:*:*:*:*,CRITICAL,
CVE-2025-20354,2025-11-05 17:15:37.743,cisco,unified_contact_center_express,cpe:2.3:a:cisco:unified_contact_center_express:*:*:*:*:*:*:*:*,CRITICAL,
CVE-2025-20358,2025-11-05 17:15:38.120,cisco,unified_contact_center_express,cpe:2.3:a:cisco:unified_contact_center_express:*:*:*:*:*:*:*:*,CRITICAL,
CVE-2025-46774,2025-10-14 16:15:38.500,fortinet,forticlient,cpe:2.3:a:fortinet:forticlient:*:*:*:*:*:macos:*:*,HIGH,
CVE-2025-20343,2025-11-05 17:15:37.443,cisco,identity_services_engine,cpe:2.3:a:cisco:identity_services_engine:3.4.0:-:*:*:*:*:*:*,HIGH,
CVE-2024-33507,2025-10-14 16:15:34.980,fortinet,fortiisolator,cpe:2.3:a:fortinet:fortiisolator:*:*:*:*:*:*:*:*,HIGH,
CVE-2024-48891,2025-10-14 16:15:35.503,fortinet,fortisoar,cpe:2.3:a:fortinet:fortisoar:*:*:*:*:*:*:*:*,HIGH,
CVE-2025-20352,2025-09-24 18:15:36.930,cisco,ios_xe_sd-wan,cpe:2.3:o:cisco:ios_xe_sd-wan:16.9.1:*:*:*:*:*:*:*,HIGH,
CVE-2025-58692,2025-11-18 17:16:06.963,fortinet,fortivoice,cpe:2.3:a:fortinet:fortivoice:*:*:*:*:*:*:*:*,HIGH,
CVE-2025-58413,2025-11-18 17:16:06.557,fortinet,fortios,cpe:2.3:o:fortinet:fortios:*:*:*:*:*:*:*:*,HIGH,
CVE-2025-58034,2025-11-18 17:16:05.057,fortinet,fortiweb,cpe:2.3:a:fortinet:fortiweb:*:*:*:*:*:*:*:*,HIGH,
CVE-2025-25253,2025-10-14 16:15:36.850,fortinet,fortiproxy,cpe:2.3:a:fortinet:fortiproxy:*:*:*:*:*:*:*:*,HIGH,
CVE-2025-53843,2025-11-18 17:16:03.033,fortinet,fortios,cpe:2.3:o:fortinet:fortios:*:*:*:*:*:*:*:*,HIGH,
CVE-2025-46373,2025-11-18 17:16:01.753,fortinet,forticlient,cpe:2.3:a:fortinet:forticlient:*:*:*:*:*:windows:*:*,HIGH,
CVE-2024-50571,2025-10-14 16:15:35.673,fortinet,fortianalyzer,cpe:2.3:a:fortinet:fortianalyzer:*:*:*:*:*:*:*:*,HIGH,
CVE-2025-54658,2025-10-16 14:15:36.487,fortinet,fortidlp_agent,cpe:2.3:a:fortinet:fortidlp_agent:*:*:*:*:*:*:*:*,HIGH,
CVE-2025-58325,2025-10-14 16:15:40.767,fortinet,fortios,cpe:2.3:o:fortinet:fortios:*:*:*:*:*:*:*:*,HIGH,
CVE-2025-57741,2025-10-14 16:15:40.457,fortinet,forticlient,cpe:2.3:a:fortinet:forticlient:*:*:*:*:*:macos:*:*,HIGH,
CVE-2025-57740,2025-10-14 16:15:40.293,fortinet,fortiproxy,cpe:2.3:a:fortinet:fortiproxy:*:*:*:*:*:*:*:*,HIGH,
CVE-2025-49201,2025-10-14 16:15:38.840,fortinet,fortipam,cpe:2.3:o:fortinet:fortipam:*:*:*:*:*:*:*:*,HIGH,
CVE-2025-47761,2025-11-18 17:16:02.413,fortinet,forticlient,cpe:2.3:a:fortinet:forticlient:*:*:*:*:*:windows:*:*,HIGH,
CVE-2025-47856,2025-10-14 14:15:49.927,fortinet,fortivoice,cpe:2.3:a:fortinet:fortivoice:*:*:*:*:*:*:*:*,HIGH,
id,Fecha de creación,Marca,Modelo,Descripción,CVSS_31,CVSS_4
CVE-2025-64446,2025-11-14 16:15:58.567,fortinet,fortiweb,cpe:2.3:a:fortinet:fortiweb:*:*:*:*:*:*:*:*,CRITICAL,
CVE-2025-20363,2025-09-25 16:15:32.497,cisco,adaptive_security_appliance_software,cpe:2.3:o:cisco:adaptive_security_appliance_software:*:*:*:*:*:*:*:*,CRITICAL,
CVE-2025-20333,2025-09-25 16:15:32.073,cisco,adaptive_security_appliance_software,cpe:2.3:o:cisco:adaptive_security_appliance_software:*:*:*:*:*:*:*:*,CRITICAL,
CVE-2025-20354,2025-11-05 17:15:37.743,cisco,unified_contact_center_express,cpe:2.3:a:cisco:unified_contact_center_express:*:*:*:*:*:*:*:*,CRITICAL,
CVE-2025-20358,2025-11-05 17:15:38.120,cisco,unified_contact_center_express,cpe:2.3:a:cisco:unified_contact_center_express:*:*:*:*:*:*:*:*,CRITICAL,
CVE-2025-46774,2025-10-14 16:15:38.500,fortinet,forticlient,cpe:2.3:a:fortinet:forticlient:*:*:*:*:*:macos:*:*,HIGH,
CVE-2025-20343,2025-11-05 17:15:37.443,cisco,identity_services_engine,cpe:2.3:a:cisco:identity_services_engine:3.4.0:-:*:*:*:*:*:*,HIGH,
CVE-2024-33507,2025-10-14 16:15:34.980,fortinet,fortiisolator,cpe:2.3:a:fortinet:fortiisolator:*:*:*:*:*:*:*:*,HIGH,
CVE-2024-48891,2025-10-14 16:15:35.503,fortinet,fortisoar,cpe:2.3:a:fortinet:fortisoar:*:*:*:*:*:*:*:*,HIGH,
CVE-2025-20352,2025-09-24 18:15:36.930,cisco,ios_xe_sd-wan,cpe:2.3:o:cisco:ios_xe_sd-wan:16.9.1:*:*:*:*:*:*:*,HIGH,
CVE-2025-58692,2025-11-18 17:16:06.963,fortinet,fortivoice,cpe:2.3:a:fortinet:fortivoice:*:*:*:*:*:*:*:*,HIGH,
CVE-2025-58413,2025-11-18 17:16:06.557,fortinet,fortios,cpe:2.3:o:fortinet:fortios:*:*:*:*:*:*:*:*,HIGH,
CVE-2025-58034,2025-11-18 17:16:05.057,fortinet,fortiweb,cpe:2.3:a:fortinet:fortiweb:*:*:*:*:*:*:*:*,HIGH,
CVE-2025-25253,2025-10-14 16:15:36.850,fortinet,fortiproxy,cpe:2.3:a:fortinet:fortiproxy:*:*:*:*:*:*:*:*,HIGH,
CVE-2025-53843,2025-11-18 17:16:03.033,fortinet,fortios,cpe:2.3:o:fortinet:fortios:*:*:*:*:*:*:*:*,HIGH,
CVE-2025-46373,2025-11-18 17:16:01.753,fortinet,forticlient,cpe:2.3:a:fortinet:forticlient:*:*:*:*:*:windows:*:*,HIGH,
CVE-2024-50571,2025-10-14 16:15:35.673,fortinet,fortianalyzer,cpe:2.3:a:fortinet:fortianalyzer:*:*:*:*:*:*:*:*,HIGH,
CVE-2025-54658,2025-10-16 14:15:36.487,fortinet,fortidlp_agent,cpe:2.3:a:fortinet:fortidlp_agent:*:*:*:*:*:*:*:*,HIGH,
CVE-2025-58325,2025-10-14 16:15:40.767,fortinet,fortios,cpe:2.3:o:fortinet:fortios:*:*:*:*:*:*:*:*,HIGH,
CVE-2025-57741,2025-10-14 16:15:40.457,fortinet,forticlient,cpe:2.3:a:fortinet:forticlient:*:*:*:*:*:macos:*:*,HIGH,
CVE-2025-57740,2025-10-14 16:15:40.293,fortinet,fortiproxy,cpe:2.3:a:fortinet:fortiproxy:*:*:*:*:*:*:*:*,HIGH,
CVE-2025-49201,2025-10-14 16:15:38.840,fortinet,fortipam,cpe:2.3:o:fortinet:fortipam:*:*:*:*:*:*:*:*,HIGH,
CVE-2025-47761,2025-11-18 17:16:02.413,fortinet,forticlient,cpe:2.3:a:fortinet:forticlient:*:*:*:*:*:windows:*:*,HIGH,
CVE-2025-47856,2025-10-14 14:15:49.927,fortinet,fortivoice,cpe:2.3:a:fortinet:fortivoice:*:*:*:*:*:*:*:*,HIGH,
id,Fecha de creación,Marca,Modelo,Descripción,CVSS_31,CVSS_4
CVE-2025-32756,2025-05-13 15:15:57.113,fortinet,fortimail,"Una vulnerabilidad de desbordamiento de búfer basada en pila [CWE-121] en Fortinet FortiVoice versiones 7.2.0, 7.0.0 a 7.0.6, 6.4.0 a 6.4.10, FortiRecorder versiones 7.2.0 a 7.2.3, 7.0.0 a 7.0.5, 6.4.0 a 6.4.5, FortiMail versiones 7.6.0 a 7.6.2, 7.4.0 a 7.4.4, 7.2.0 a 7.2.7, 7.0.0 a 7.0.8, FortiNDR versiones 7.6.0, 7.4.0 a 7.4.7, 7.2.0 a 7.2.4, 7.0.0 a 7.0.6, FortiCamera versiones 2.1.0 a 2.1.1, 2.1.2 a 2.1.3, 2.1.4 a 2.1.5, 2.1.6 a 2.1.7, 2.1.8 a 2.1.9, 2.1.1 a 2.1.19, 2.1.9 a 2.1.19, 2.1.1 a 2.1.29, 2.1.3 a 2.1.49, 2.1.4 a 2.1.59, 2.1.6 a 2.1.79, 2.1.8 a 2.1.89, 2.1.9 a 2.1.99, 2.1.9 a 2.1.19, 2.1.9 a 2.1.2 ... 2.1.3, 2.0 todas las versiones, 1.1 todas las versiones, permite a un atacante remoto no autenticado ejecutar código o comandos arbitrarios mediante el envío de solicitudes HTTP con cookies hash especialmente manipuladas.",CRITICAL,
CVE-2025-20337,2025-07-16 17:15:30.573,cisco,identity_services_engine,Una vulnerabilidad en una API específica de Cisco ISE y Cisco ISE-PIC podría permitir que un atacante remoto no autenticado ejecute código arbitrario en el sistema operativo subyacente como root. El atacante no necesita credenciales válidas para explotar esta vulnerabilidad. Esta vulnerabilidad se debe a una validación insuficiente de la información proporcionada por el usuario. Un atacante podría explotar esta vulnerabilidad enviando una solicitud de API manipulada. Una explotación exitosa podría permitirle obtener privilegios de root en un dispositivo afectado.,CRITICAL,
CVE-2025-20309,2025-07-02 17:15:52.927,cisco,unified_communications_manager,"Una vulnerabilidad en Cisco Unified Communications Manager (Unified CM) y Cisco Unified Communications Manager Session Management Edition (Unified CM SME) podría permitir que un atacante remoto no autenticado inicie sesión en un dispositivo afectado utilizando la cuenta raíz, que tiene credenciales estáticas predeterminadas que no se pueden modificar ni eliminar. Esta vulnerabilidad se debe a la presencia de credenciales de usuario estáticas para la cuenta raíz, reservadas para su uso durante el desarrollo. Un atacante podría explotar esta vulnerabilidad utilizando la cuenta para iniciar sesión en un sistema afectado. Una explotación exitosa podría permitir al atacante iniciar sesión en el sistema afectado y ejecutar comandos arbitrarios como usuario raíz.",CRITICAL,
CVE-2025-20282,2025-06-25 17:15:37.490,cisco,identity_services_engine,Una vulnerabilidad en una API interna de Cisco ISE y Cisco ISE-PIC podría permitir que un atacante remoto no autenticado cargue archivos arbitrarios en un dispositivo afectado y los ejecute en el sistema operativo subyacente como root. Esta vulnerabilidad se debe a la falta de comprobaciones de validación de archivos que impedirían que los archivos cargados se colocaran en directorios privilegiados en un sistema afectado. Un atacante podría explotar esta vulnerabilidad subiendo un archivo manipulado al dispositivo afectado. Una explotación exitosa podría permitirle almacenar archivos maliciosos en el sistema afectado y luego ejecutar código arbitrario u obtener privilegios de root.,CRITICAL,
CVE-2025-20281,2025-06-25 16:15:26.017,cisco,identity_services_engine,Una vulnerabilidad en una API específica de Cisco ISE y Cisco ISE-PIC podría permitir que un atacante remoto no autenticado ejecute código arbitrario en el sistema operativo subyacente como root. El atacante no necesita credenciales válidas para explotar esta vulnerabilidad. Esta vulnerabilidad se debe a una validación insuficiente de la información proporcionada por el usuario. Un atacante podría explotar esta vulnerabilidad enviando una solicitud de API manipulada. Una explotación exitosa podría permitirle obtener privilegios de root en un dispositivo afectado.,CRITICAL,
CVE-2025-20286,2025-06-04 17:15:28.427,cisco,identity_services_engine,"Una vulnerabilidad en las implementaciones en la nube de Cisco Identity Services Engine (ISE) de Amazon Web Services (AWS), Microsoft Azure y Oracle Cloud Infrastructure (OCI) podría permitir que un atacante remoto no autenticado acceda a datos confidenciales, ejecute operaciones administrativas limitadas, modifique la configuración del sistema o interrumpa los servicios de los sistemas afectados. Esta vulnerabilidad se debe a que las credenciales se generan incorrectamente al implementar Cisco ISE en plataformas en la nube, lo que provoca que diferentes implementaciones de Cisco ISE compartan las mismas credenciales. Estas credenciales se comparten entre múltiples implementaciones de Cisco ISE siempre que la versión de software y la plataforma en la nube sean las mismas. Un atacante podría explotar esta vulnerabilidad extrayendo las credenciales de usuario de Cisco ISE implementado en la nube y usándolas para acceder a Cisco ISE implementado en otros entornos de nube a través de puertos no seguros. Una explotación exitosa podría permitir al atacante acceder a datos confidenciales, ejecutar operaciones administrativas limitadas, modificar la configuración del sistema o interrumpir los servicios de los sistemas afectados. Nota: Si el nodo de administración principal está implementado en la nube, Cisco ISE se ve afectado por esta vulnerabilidad. Si el nodo de administración principal está local, no se verá afectado.",CRITICAL,
CVE-2025-20188,2025-05-07 18:15:38.617,cisco,ios_xe,"Una vulnerabilidad en la función de descarga de imágenes de puntos de acceso (AP) fuera de banda del software Cisco IOS XE para controladores de LAN inalámbrica (WLC) podría permitir que un atacante remoto no autenticado cargue archivos arbitrarios en un sistema afectado. Esta vulnerabilidad se debe a la presencia de un token web JSON (JWT) codificado de forma rígida en un sistema afectado. Un atacante podría explotar esta vulnerabilidad enviando solicitudes HTTPS manipuladas a la interfaz de descarga de imágenes del AP. Una explotación exitosa podría permitir al atacante cargar archivos, atravesar rutas y ejecutar comandos arbitrarios con privilegios de root. Nota: Para que la explotación sea exitosa, la función de descarga de imágenes de AP fuera de banda debe estar habilitada en el dispositivo. No está habilitada por defecto.",CRITICAL,
CVE-2025-20265,2025-08-14 17:15:39.723,cisco,secure_firewall_management_center,"Una vulnerabilidad en la implementación del subsistema RADIUS del software Cisco Secure Firewall Management Center (FMC) podría permitir que un atacante remoto no autenticado inyecte comandos de shell arbitrarios que son ejecutados por el dispositivo. Esta vulnerabilidad se debe a una gestión inadecuada de la entrada del usuario durante la fase de autenticación. Un atacante podría explotar esta vulnerabilidad enviando una entrada manipulada al introducir credenciales que se autenticarán en el servidor RADIUS configurado. Una explotación exitosa podría permitir al atacante ejecutar comandos con un alto nivel de privilegios. Nota: Para explotar esta vulnerabilidad, el software Cisco Secure FMC debe estar configurado para la autenticación RADIUS para la interfaz de administración web, la administración SSH o ambas.",CRITICAL,
CVE-2025-22252,2025-05-28 08:15:21.070,fortinet,fortiproxy,"La falta de autenticación para una función crítica en Fortinet FortiProxy versiones 7.6.0 a 7.6.1, FortiSwitchManager versión 7.2.5 y FortiOS versiones 7.4.4 a 7.4.6 y versión 7.6.0 puede permitir que un atacante con conocimiento de una cuenta de administrador existente acceda al dispositivo como un administrador válido a través de una omisión de autenticación.",CRITICAL,
CVE-2025-25257,2025-07-17 16:15:34.723,fortinet,fortiweb,"Una vulnerabilidad de neutralización incorrecta de elementos especiales utilizados en un comando SQL ('Inyección SQL') [CWE-89] en Fortinet FortiWeb versión 7.6.0 a 7.6.3, 7.4.0 a 7.4.7, 7.2.0 a 7.2.10 y anteriores a 7.0.10 permite a un atacante no autenticado ejecutar código o comandos SQL no autorizados a través de solicitudes HTTP o HTTPS manipulada.",CRITICAL,
CVE-2025-25256,2025-08-12 19:15:28.683,fortinet,fortisiem,"Una vulnerabilidad de neutralización incorrecta de elementos especiales utilizados en un comando del SO ('OS Command Injection') [CWE-78] en Fortinet FortiSIEM versión 7.3.0 a 7.3.1, 7.2.0 a 7.2.5, 7.1.0 a 7.1.7, 7.0.0 a 7.0.3 y anteriores a 6.7.9 permite que un atacante no autenticado ejecute código o comandos no autorizados a través de solicitudes CLI manipuladas.",CRITICAL,
CVE-2025-49813,2025-08-12 19:15:30.853,fortinet,fortiadc,"Una neutralización incorrecta de elementos especiales utilizados en una vulnerabilidad de comando del sistema operativo (""Inyección de comando del sistema operativo"") [CWE-78] en Fortinet FortiADC versión 7.2.0 y anteriores a 7.1.1 permite que un atacante remoto y autenticado con bajos privilegios ejecute código no autorizado a través de parámetros HTTP específicamente manipulada.",HIGH,
CVE-2025-20127,2025-08-14 17:15:33.907,cisco,firepower_threat_defense,"Una vulnerabilidad en la implementación de TLS 1.3 para un cifrado específico del software Cisco Secure Firewall Adaptive Security Appliance (ASA) y del software Cisco Secure Firewall Threat Defense (FTD) para dispositivos Cisco Firepower de las series 3100 y 4200 podría permitir que un atacante remoto autenticado consuma recursos asociados con conexiones entrantes TLS 1.3, lo que eventualmente podría provocar que el dispositivo deje de aceptar nuevas solicitudes SSL/TLS o VPN. Esta vulnerabilidad se debe a la implementación del cifrado TLS_CHACHA20_POLY1305_SHA256 de TLS 1.3. Un atacante podría explotar esta vulnerabilidad enviando un gran número de conexiones TLS 1.3 con el cifrado TLS_CHACHA20_POLY1305_SHA256. Una explotación exitosa podría permitir al atacante causar una denegación de servicio (DoS) donde no se aceptan nuevas conexiones cifradas entrantes. El dispositivo debe reiniciarse para solucionar esta situación. Nota: Estas conexiones entrantes TLS 1.3 incluyen tanto tráfico de datos como de administración de usuarios. Una vez que el dispositivo se encuentra en estado vulnerable, no se pueden aceptar nuevas conexiones cifradas.",HIGH,
CVE-2025-25251,2025-05-28 08:15:21.387,fortinet,forticlient,"Una vulnerabilidad de autorización incorrecta [CWE-863] en FortiClient Mac 7.4.0 a 7.4.2, 7.2.0 a 7.2.8, 7.0.0 a 7.0.14 puede permitir que un atacante local escale privilegios a través de mensajes XPC manipulado.",HIGH,
CVE-2025-31104,2025-06-10 17:21:22.873,fortinet,fortiadc,"Una vulnerabilidad de neutralización inadecuada de elementos especiales utilizados en un comando del SO ('inyección de comando del SO') [CWE-78] en FortiADC 7.6.0 a 7.6.1, 7.4.0 a 7.4.6, 7.2.0 a 7.2.7, 7.1.0 a 7.1.4, 7.0 todas las versiones, 6.2 todas las versiones, 6.1 todas las versiones puede permitir que un atacante autenticado ejecute código no autorizado a través de solicitudes HTTP manipuladas.",HIGH,
CVE-2024-52965,2025-07-08 15:15:22.313,fortinet,fortiproxy,"Una vulnerabilidad de paso crítico faltante en la autenticación [CWE-304] en Fortinet FortiOS versión 7.6.0 a 7.6.1, 7.4.0 a 7.4.5, 7.2.0 a 7.2.10 y anteriores a 7.0.16 y FortiProxy versión 7.6.0 a 7.6.1, 7.4.0 a 7.4.8, 7.2.0 a 7.2.13 y anteriores a 7.0.20 permite que un usuario de API que utiliza autenticación de certificado de usuario PKI + clave de API inicie sesión incluso si el certificado no es válido.",HIGH,
CVE-2025-20163,2025-06-04 17:15:26.037,cisco,nexus_dashboard,"Una vulnerabilidad en la implementación SSH de Cisco Nexus Dashboard Fabric Controller (NDFC) podría permitir que un atacante remoto no autenticado se haga pasar por dispositivos administrados por Cisco NDFC. Esta vulnerabilidad se debe a una validación insuficiente de la clave de host SSH. Un atacante podría explotar esta vulnerabilidad mediante un ataque de máquina en el medio (MCI) en conexiones SSH a dispositivos administrados por Cisco NDFC, lo que podría permitirle interceptar este tráfico. Una explotación exitosa podría permitir al atacante hacerse pasar por un dispositivo administrado y obtener las credenciales del usuario.",HIGH,
CVE-2025-20152,2025-05-21 17:15:56.010,cisco,identity_services_engine,"Una vulnerabilidad en la función de procesamiento de mensajes RADIUS de Cisco Identity Services Engine (ISE) podría permitir que un atacante remoto no autenticado provoque una denegación de servicio (DoS) en un dispositivo afectado. Esta vulnerabilidad se debe a la gestión incorrecta de ciertas solicitudes RADIUS. Un atacante podría explotar esta vulnerabilidad enviando una solicitud de autenticación específica a un dispositivo de acceso a la red (NAD) que utiliza Cisco ISE para autenticación, autorización y contabilidad (AAA). Una explotación exitosa podría permitir al atacante provocar la recarga de Cisco ISE.",HIGH,
CVE-2025-20113,2025-05-21 17:15:55.620,cisco,unified_intelligence_center,"Una vulnerabilidad en Cisco Unified Intelligence Center podría permitir que un atacante remoto autenticado eleve privilegios a Administrador para un conjunto limitado de funciones en un sistema afectado. Esta vulnerabilidad se debe a una validación insuficiente del lado del servidor de los parámetros proporcionados por el usuario en las solicitudes API o HTTP. Un atacante podría explotar esta vulnerabilidad enviando una solicitud API o HTTP manipulada a un sistema afectado. Una explotación exitosa podría permitir al atacante acceder, modificar o eliminar datos más allá del ámbito de su nivel de acceso previsto, incluyendo la obtención de información potencialmente confidencial almacenada en el sistema.",HIGH,
CVE-2025-20210,2025-05-07 18:15:41.240,cisco,catalyst_center,"Una vulnerabilidad en la API de administración de Cisco Catalyst Center, anteriormente Cisco DNA Center, podría permitir que un atacante remoto no autenticado lea y modifique la configuración del proxy saliente. Esta vulnerabilidad se debe a la falta de autenticación en un endpoint de la API. Un atacante podría explotar esta vulnerabilidad enviando una solicitud a la API afectada de un dispositivo Catalyst Center. Una explotación exitosa podría permitir al atacante ver o modificar la configuración del proxy saliente, lo que podría interrumpir el tráfico de internet de Cisco Catalyst Center o interceptar el tráfico saliente.",HIGH,
CVE-2025-20202,2025-05-07 18:15:41.063,cisco,ios_xe,"Una vulnerabilidad en Cisco IOS XE Wireless Controller Software podría permitir que un atacante adyacente no autenticado provoque una denegación de servicio (DoS) en un dispositivo afectado. Esta vulnerabilidad se debe a una validación insuficiente de los informes de vecino del Protocolo de Descubrimiento de Cisco (CDP) del punto de acceso (AP) cuando son procesados por el controlador inalámbrico. Un atacante podría explotar esta vulnerabilidad enviando un paquete CDP manipulado a un AP. Una explotación exitosa podría permitir al atacante provocar una recarga inesperada del controlador inalámbrico que administra el AP, lo que resultaría en una denegación de servicio (DoS) que afectaría a la red inalámbrica.",HIGH,
CVE-2024-26009,2025-08-12 19:15:27.230,fortinet,fortiswitchmanager,"Una vulnerabilidad de omisión de autenticación mediante una ruta o canal alternativo [CWE-288] en Fortinet FortiOS versión 6.4.0 a 6.4.15 y anteriores a 6.2.16, FortiProxy versión 7.4.0 a 7.4.2, 7.2.0 a 7.2.8 y anteriores a 7.0.15 y FortiPAM anterior a la versión 1.2.0 permite a un atacante no autenticado tomar el control de un dispositivo administrado a través de solicitudes FGFM manipuladas, si el dispositivo es administrado por un FortiManager y si el atacante conoce el número de serie de ese FortiManager.",HIGH,
CVE-2025-20186,2025-05-07 18:15:38.307,cisco,ios_xe,Una vulnerabilidad en la interfaz de administración web de la función Controlador de LAN inalámbrica del software Cisco IOS XE podría permitir que un atacante remoto autenticado con una cuenta de usuario embajador de lobby realice un ataque de inyección de comandos contra un dispositivo afectado. Esta vulnerabilidad se debe a una validación de entrada insuficiente. Un atacante podría explotarla enviando una entrada manipulada a la interfaz de administración web. Una explotación exitosa podría permitir al atacante ejecutar comandos arbitrarios de la CLI del software Cisco IOS XE con nivel de privilegio 15. Nota: Esta vulnerabilidad solo es explotable si el atacante obtiene las credenciales de una cuenta embajador de lobby. Esta cuenta no está configurada por defecto.,HIGH,
CVE-2025-20148,2025-08-14 17:15:35.313,cisco,secure_firewall_management_center,"Una vulnerabilidad en la interfaz de administración web del software Cisco Secure Firewall Management Center (FMC) podría permitir que un atacante remoto autenticado inyecte contenido HTML arbitrario en un documento generado por el dispositivo. Esta vulnerabilidad se debe a una validación incorrecta de los datos proporcionados por el usuario. Un atacante podría explotar esta vulnerabilidad enviando contenido malicioso a un dispositivo afectado y utilizándolo para generar un documento con información confidencial. Una explotación exitosa podría permitir al atacante alterar el diseño estándar de los documentos generados por el dispositivo, leer archivos arbitrarios del sistema operativo subyacente y realizar ataques de Server-Side Request Forgery (SSRF). Para explotar esta vulnerabilidad, el atacante debe tener credenciales válidas para una cuenta de usuario con al menos el rol de Analista de Seguridad (Solo Lectura).",HIGH,
CVE-2025-20162,2025-05-07 18:15:37.663,cisco,ios_xe,"Una vulnerabilidad en la función de seguridad de vigilancia DHCP del software Cisco IOS XE podría permitir que un atacante remoto no autenticado provoque una cuña de cola de interfaz completa, lo que podría resultar en una denegación de servicio (DoS). Esta vulnerabilidad se debe a la gestión incorrecta de los paquetes de solicitud DHCP. Un atacante podría explotar esta vulnerabilidad enviando paquetes de solicitud DHCP a un dispositivo afectado. Una explotación exitosa podría permitir al atacante provocar una cuña de paquetes en la cola, creando una condición de DoS para los dispositivos posteriores del sistema afectado y requiriendo que el sistema se reinicie para vaciar la cola. Nota: Esta vulnerabilidad puede explotarse con paquetes DHCP de unidifusión o difusión en una VLAN que no tenga activada la vigilancia DHCP.",HIGH,
CVE-2025-20154,2025-05-07 18:15:37.177,cisco,ios,"Una vulnerabilidad en la función de servidor del Protocolo de Medición Activa Bidireccional (TWAMP) del software Cisco IOS y Cisco IOS XE podría permitir que un atacante remoto no autenticado recargue el dispositivo afectado, lo que resulta en una denegación de servicio (DoS). En el software Cisco IOS XR, esta vulnerabilidad podría provocar que el proceso ipsla_ippm_server se recargue inesperadamente si se habilitan las depuraciones. Esta vulnerabilidad se debe a un acceso fuera de los límites a la matriz al procesar paquetes de control TWAMP especialmente manipulados. Un atacante podría explotar esta vulnerabilidad enviando paquetes de control TWAMP diseñados a un dispositivo afectado. Una explotación exitosa podría permitir que el atacante recargue el dispositivo afectado, lo que resulta en una denegación de servicio (DoS). Nota: En el software Cisco IOS XR, solo el proceso ipsla_ippm_server se recarga inesperadamente y solo cuando se habilitan las depuraciones. Los detalles de la vulnerabilidad del software Cisco IOS XR son los siguientes: Clasificación de impacto de seguridad (SIR): baja. Puntuación base CVSS: 3,7. Vector CVSS: CVSS: 3.1/AV: N/AC: H/PR: N/UI: N/S: U/C: N/I: N/A: L.",HIGH,
CVE-2025-20140,2025-05-07 18:15:36.640,cisco,ios_xe,"Una vulnerabilidad en el demonio de control de red inalámbrica (wncd) del software Cisco IOS XE para controladores de LAN inalámbrica (WLC) podría permitir que un atacante inalámbrico adyacente no autenticado provoque una denegación de servicio (DoS). Esta vulnerabilidad se debe a una gestión de memoria inadecuada. Un atacante podría explotarla enviando una serie de solicitudes de red IPv6 desde un cliente inalámbrico IPv6 asociado a un dispositivo afectado. Para asociar un cliente a un dispositivo, el atacante podría necesitar primero autenticarse en la red o asociarse libremente en el caso de una red abierta configurada. Una explotación exitosa podría permitir al atacante provocar que el proceso wncd consuma memoria disponible y, finalmente, que el dispositivo deje de responder, lo que resulta en una denegación de servicio (DoS).",HIGH,
CVE-2025-20122,2025-05-07 18:15:36.290,cisco,catalyst_sd-wan_manager,"Una vulnerabilidad en la CLI de Cisco Catalyst SD-WAN Manager, anteriormente Cisco SD-WAN vManage, podría permitir que un atacante local autenticado obtenga privilegios de usuario root en el sistema operativo subyacente. Esta vulnerabilidad se debe a una validación de entrada insuficiente. Un atacante autenticado con privilegios de solo lectura en el sistema SD-WAN Manager podría explotar esta vulnerabilidad enviando una solicitud manipulada a la CLI de SD-WAN Manager. Una explotación exitosa podría permitir al atacante obtener privilegios root en el sistema operativo subyacente.",HIGH,
CVE-2025-3831,2025-08-12 15:15:29.573,checkpoint,harmony_sase,Es posible que terceros no autorizados hayan podido acceder a los archivos de registro cargados durante la resolución de problemas por parte del agente Harmony SASE.,HIGH,
CVE-2025-53744,2025-08-12 19:15:35.113,fortinet,fortios,"Una vulnerabilidad de asignación incorrecta de privilegios [CWE-266] en FortiOS Security Fabric versión 7.6.0 a 7.6.2, 7.4.0 a 7.4.7, 7.2 todas las versiones, 7.0 todas las versiones, 6.4 todas las versiones, puede permitir que un atacante remoto autenticado con privilegios elevados escale sus privilegios a superadministrador mediante el registro del dispositivo en un FortiManager malicioso.",HIGH,
CVE-2025-52970,2025-08-12 19:15:32.277,fortinet,fortiweb,"Un manejo inadecuado de los parámetros en Fortinet FortiWeb versiones 7.6.3 y anteriores, versiones 7.4.7 y anteriores, versiones 7.2.10 y anteriores, y 7.0.10 y anteriores puede permitir que un atacante remoto no autenticado con información no pública perteneciente al dispositivo y al usuario objetivo obtenga privilegios de administrador en el dispositivo a través de una solicitud especialmente manipulada.",HIGH,
CVE-2025-20189,2025-05-07 18:15:38.770,cisco,ios_xe,"Una vulnerabilidad en la función Cisco Express Forwarding del software Cisco IOS XE para routers de servicios de agregación Cisco ASR 903 con procesador de conmutación de ruta 3 (RSP3C) podría permitir que un atacante adyacente no autenticado active una denegación de servicio (DoS). Esta vulnerabilidad se debe a una gestión de memoria inadecuada cuando el software Cisco IOS XE procesa mensajes del protocolo de resolución de direcciones (ARP). Un atacante podría explotar esta vulnerabilidad enviando mensajes ARP manipulados a alta velocidad durante un período de tiempo a un dispositivo afectado. Una explotación exitosa podría permitir al atacante agotar los recursos del sistema, lo que eventualmente desencadena la recarga del procesador de conmutación de ruta (RSP) activo. Si no hay un RSP redundante, el router se recarga.",HIGH,
CVE-2025-20182,2025-05-07 18:15:38.120,cisco,adaptive_security_appliance_software,"Una vulnerabilidad en el procesamiento del protocolo de Intercambio de Claves de Internet versión 2 (IKEv2) del software Cisco Adaptive Security Appliance (ASA), Cisco Firepower Threat Defense (FTD), Cisco IOS y Cisco IOS XE podría permitir que un atacante remoto no autenticado provoque una denegación de servicio (DoS) en un dispositivo afectado. Esta vulnerabilidad se debe a una validación de entrada insuficiente al procesar mensajes IKEv2. Un atacante podría explotar esta vulnerabilidad enviando tráfico IKEv2 manipulado a un dispositivo afectado. Una explotación exitosa podría permitir al atacante provocar la recarga del dispositivo, lo que provocaría una denegación de servicio (DoS) en el dispositivo afectado.",HIGH,
id,Fecha de creación,Marca,Modelo,Descripción,CVSS_31,CVSS_4
CVE-2025-20125,2025-02-05 17:15:22.610,cisco,identity_services_engine,"Una vulnerabilidad en una API de Cisco ISE podría permitir que un atacante remoto autenticado con credenciales válidas de solo lectura obtenga información confidencial, cambie las configuraciones de los nodos y reinicie el nodo. Esta vulnerabilidad se debe a la falta de autorización en una API específica y a una validación incorrecta de los datos proporcionados por el usuario. Un atacante podría aprovechar esta vulnerabilidad enviando una solicitud HTTP manipulada a una API específica en el dispositivo. Una explotación exitosa podría permitir al atacante obtener información, modificar la configuración del sistema y recargar el dispositivo. Nota: Para aprovechar esta vulnerabilidad con éxito, el atacante debe tener credenciales administrativas válidas de solo lectura. En una implementación de un solo nodo, los dispositivos nuevos no podrán autenticarse durante el tiempo de recarga.",CRITICAL,
CVE-2025-20124,2025-02-05 17:15:22.457,cisco,identity_services_engine,"Una vulnerabilidad en una API de Cisco ISE podría permitir que un atacante remoto autenticado ejecute comandos arbitrarios como usuario superusuario en un dispositivo afectado. Esta vulnerabilidad se debe a la deserialización insegura de secuencias de bytes de Java proporcionadas por el usuario por parte del software afectado. Un atacante podría aprovechar esta vulnerabilidad enviando un objeto Java serializado manipulado a una API afectada. Una explotación exitosa podría permitir al atacante ejecutar comandos arbitrarios en el dispositivo y elevar privilegios. Nota: Para aprovechar esta vulnerabilidad con éxito, el atacante debe tener credenciales administrativas válidas de solo lectura. En una implementación de un solo nodo, los dispositivos nuevos no podrán autenticarse durante el tiempo de recarga.",CRITICAL,
CVE-2023-47539,2025-03-18 14:15:37.830,fortinet,fortimail,Una vulnerabilidad de control de acceso inadecuado en FortiMail versión 7.4.0 configurada con autenticación RADIUS y remote_wildcard habilitado puede permitir que un atacante remoto no autenticado evite el inicio de sesión de administrador a través de una solicitud HTTP manipulada.,CRITICAL,
CVE-2025-22252,2025-05-28 08:15:21.070,fortinet,fortiproxy,"La falta de autenticación para una función crítica en Fortinet FortiProxy versiones 7.6.0 a 7.6.1, FortiSwitchManager versión 7.2.5 y FortiOS versiones 7.4.4 a 7.4.6 y versión 7.6.0 puede permitir que un atacante con conocimiento de una cuenta de administrador existente acceda al dispositivo como un administrador válido a través de una omisión de autenticación.",CRITICAL,
CVE-2025-20188,2025-05-07 18:15:38.617,cisco,ios_xe,"Una vulnerabilidad en la función de descarga de imágenes de puntos de acceso (AP) fuera de banda del software Cisco IOS XE para controladores de LAN inalámbrica (WLC) podría permitir que un atacante remoto no autenticado cargue archivos arbitrarios en un sistema afectado. Esta vulnerabilidad se debe a la presencia de un token web JSON (JWT) codificado de forma rígida en un sistema afectado. Un atacante podría explotar esta vulnerabilidad enviando solicitudes HTTPS manipuladas a la interfaz de descarga de imágenes del AP. Una explotación exitosa podría permitir al atacante cargar archivos, atravesar rutas y ejecutar comandos arbitrarios con privilegios de root. Nota: Para que la explotación sea exitosa, la función de descarga de imágenes de AP fuera de banda debe estar habilitada en el dispositivo. No está habilitada por defecto.",CRITICAL,
CVE-2025-32756,2025-05-13 15:15:57.113,fortinet,fortimail,"Una vulnerabilidad de desbordamiento de búfer basada en pila [CWE-121] en Fortinet FortiVoice versiones 7.2.0, 7.0.0 a 7.0.6, 6.4.0 a 6.4.10, FortiRecorder versiones 7.2.0 a 7.2.3, 7.0.0 a 7.0.5, 6.4.0 a 6.4.5, FortiMail versiones 7.6.0 a 7.6.2, 7.4.0 a 7.4.4, 7.2.0 a 7.2.7, 7.0.0 a 7.0.8, FortiNDR versiones 7.6.0, 7.4.0 a 7.4.7, 7.2.0 a 7.2.4, 7.0.0 a 7.0.6, FortiCamera versiones 2.1.0 a 2.1.1, 2.1.2 a 2.1.3, 2.1.4 a 2.1.5, 2.1.6 a 2.1.7, 2.1.8 a 2.1.9, 2.1.1 a 2.1.19, 2.1.9 a 2.1.19, 2.1.1 a 2.1.29, 2.1.3 a 2.1.49, 2.1.4 a 2.1.59, 2.1.6 a 2.1.79, 2.1.8 a 2.1.89, 2.1.9 a 2.1.99, 2.1.9 a 2.1.19, 2.1.9 a 2.1.2 ... 2.1.3, 2.0 todas las versiones, 1.1 todas las versiones, permite a un atacante remoto no autenticado ejecutar código o comandos arbitrarios mediante el envío de solicitudes HTTP con cookies hash especialmente manipuladas.",CRITICAL,
CVE-2024-48887,2025-04-08 17:15:34.440,fortinet,fortiswitch,Una vulnerabilidad de cambio de contraseña no verificada en la GUI de Fortinet FortiSwitch puede permitir que un atacante remoto no autenticado cambie las contraseñas de administrador a través de una solicitud especialmente manipulada.,CRITICAL,
CVE-2023-25610,2025-03-24 16:15:17.273,fortinet,fortiweb,"Una vulnerabilidad de suscripción de búfer ('desbordamiento de búfer') en la interfaz administrativa de Fortinet FortiOS versión 7.2.0 a 7.2.3, versión 7.0.0 a 7.0.6, versión 6.4.0 a 6.4.11 y versión 6.2.12 y anteriores, FortiProxy versión 7.2.0 a 7.2.2, versión 7.0.0 a 7.0.8, versión 2.0.12 y anteriores y FortiOS-6K7K versión 7.0.5, versión 6.4.0 a 6.4.10 y versión 6.2.0 a 6.2.10 y anteriores permite a un atacante remoto no autenticado ejecutar código o comandos arbitrarios a través de solicitudes específicamente manipuladas.",CRITICAL,
CVE-2023-40714,2025-04-02 08:15:13.530,fortinet,fortisiem,"Un Path Traversal relativo en las versiones 7.0.0, 6.7.0 a 6.7.2, 6.6.0 a 6.6.3, 6.5.1 y 6.5.0 de Fortinet FortiSIEM permite a un atacante escalar privilegios mediante la carga de ciertos elementos de la GUI.",CRITICAL,
CVE-2025-20206,2025-03-05 17:15:14.450,cisco,secure_client,"Una vulnerabilidad en el canal de comunicación entre procesos (IPC) de Cisco Secure Client para Windows podría permitir que un atacante local autenticado realice un ataque de secuestro de DLL en un dispositivo afectado si Secure Firewall Posture Engine, anteriormente HostScan, está instalado en Cisco Secure Client. Esta vulnerabilidad se debe a una validación insuficiente de los recursos que carga la aplicación en tiempo de ejecución. Un atacante podría aprovechar esta vulnerabilidad enviando un mensaje IPC manipulado a un proceso específico de Cisco Secure Client. Una explotación exitosa podría permitir al atacante ejecutar código arbitrario en la máquina afectada con privilegios de SYSTEM. Para aprovechar esta vulnerabilidad, el atacante debe tener credenciales de usuario válidas en el sistema Windows.",HIGH,
CVE-2025-27091,2025-02-20 18:15:26.850,cisco,openh264,"OpenH264 es una librería de códecs con licencia libre que admite la codificación y decodificación H.264. Una vulnerabilidad en las funciones de decodificación de la librería de códecs OpenH264 podría permitir que un atacante remoto no autenticado provoque un desbordamiento de pila. Esta vulnerabilidad se debe a una condición de ejecución entre una asignación de memoria de conjunto de parámetros de secuencia (SPS) y un uso posterior de memoria de la unidad de capa de abstracción de red (NAL) que no sea de actualización instantánea del decodificador (no IDR). Un atacante podría aprovechar esta vulnerabilidad manipulando un flujo de bits malicioso y engañando al usuario víctima para que procese un vídeo arbitrario que contenga el flujo de bits malicioso. Un exploit podría permitir al atacante provocar un bloqueo inesperado en el cliente de decodificación del usuario de la víctima y, posiblemente, ejecutar comandos arbitrarios en el host de la víctima abusando del desbordamiento de pila. Esta vulnerabilidad afecta a OpenH264 2.5.0 y versiones anteriores. Tanto el modo de codificación de vídeo escalable (SVC) como el modo de codificación de vídeo avanzada (AVC) se ven afectados por esta vulnerabilidad. Las versiones 2.6.0 y posteriores del software OpenH264 contenían la corrección para esta vulnerabilidad. Se recomienda a los usuarios que actualicen. No existen workarounds para esta vulnerabilidad. ### Para obtener más información Si tiene alguna pregunta o comentario sobre este aviso: * [Abra un problema en cisco/openh264](https://github.com/cisco/openh264/issues) * Envíe un correo electrónico a Cisco Open Source Security ([oss-security@cisco.com](mailto:oss-security@cisco.com)) y Cisco PSIRT ([psirt@cisco.com](mailto:psirt@cisco.com)) ### Créditos: * **Investigación:** Octavian Guzu y Andrew Calvano de Meta * **Idea de la corrección:** Philipp Hancke y Shyam Sadhwani de Meta * **Implementación de la corrección:** Benzheng Zhang (@BenzhengZhang) * **Ingeniería de la versión:** Benzheng Zhang (@BenzhengZhang)",HIGH,HIGH
CVE-2024-27781,2025-02-11 17:15:21.980,fortinet,fortisandbox,"Una neutralización incorrecta de la entrada durante la generación de páginas web (""cross-site scripting"") en Fortinet FortiSandbox al menos en las versiones 4.4.0 a 4.4.4 y 4.2.0 a 4.2.6 y 4.0.0 a 4.0.4 y 3.2.0 a 3.2.4 y 3.1.0 a 3.1.5 y 3.0.0 a 3.0.7 permite que un atacante autenticado ejecute código o comandos no autorizados a través de solicitudes HTTP manipuladas.",HIGH,
CVE-2025-20175,2025-02-05 17:15:24.720,cisco,ios,"Una vulnerabilidad en el subsistema SNMP de Cisco IOS Software y Cisco IOS XE Software podría permitir que un atacante remoto autenticado provoque una condición de denegación de servicio (DoS) en un dispositivo afectado. Esta vulnerabilidad se debe a una gestión inadecuada de errores al analizar las solicitudes SNMP. Un atacante podría aprovechar esta vulnerabilidad enviando una solicitud SNMP manipulada a un dispositivo afectado. Una explotación exitosa podría permitir que el atacante haga que el dispositivo se recargue inesperadamente, lo que da como resultado una condición de denegación de servicio (DoS). Esta vulnerabilidad afecta a las versiones 1, 2c y 3 de SNMP. Para aprovechar esta vulnerabilidad a través de SNMP v2c o anterior, el atacante debe conocer una cadena de comunidad SNMP válida de lectura y escritura o de solo lectura para el sistema afectado. Para aprovechar esta vulnerabilidad a través de SNMP v3, el atacante debe tener credenciales de usuario SNMP válidas para el sistema afectado.",HIGH,
CVE-2025-20115,2025-03-12 16:15:21.090,cisco,ios_xr,"Una vulnerabilidad en la implementación de la confederación del Protocolo de Puerta de Enlace Fronteriza (BGP) en el software Cisco IOS XR podría permitir que un atacante remoto no autenticado provoque una denegación de servicio (DoS). Esta vulnerabilidad se debe a una corrupción de memoria que ocurre al crear una actualización de BGP con un atributo AS_CONFED_SEQUENCE que contiene 255 números de sistema autónomo (AS). Un atacante podría explotar esta vulnerabilidad enviando un mensaje de actualización de BGP manipulado, o la red podría estar diseñada para que el atributo AS_CONFED_SEQUENCE alcance 255 números de AS o más. Una explotación exitosa podría permitir al atacante causar corrupción de memoria, lo que podría provocar el reinicio del proceso BGP y provocar una denegación de servicio (DoS). Para explotar esta vulnerabilidad, un atacante debe controlar un interlocutor de la confederación BGP dentro del mismo sistema autónomo que la víctima, o la red debe estar diseñada para que el atributo AS_CONFED_SEQUENCE alcance 255 números de AS o más.",HIGH,
CVE-2025-20173,2025-02-05 17:15:24.263,cisco,ios,"Una vulnerabilidad en el subsistema SNMP de Cisco IOS Software y Cisco IOS XE Software podría permitir que un atacante remoto autenticado provoque una condición de denegación de servicio (DoS) en un dispositivo afectado. Esta vulnerabilidad se debe a una gestión inadecuada de errores al analizar las solicitudes SNMP. Un atacante podría aprovechar esta vulnerabilidad enviando una solicitud SNMP manipulada a un dispositivo afectado. Una explotación exitosa podría permitir que el atacante haga que el dispositivo se recargue inesperadamente, lo que da como resultado una condición de denegación de servicio (DoS). Esta vulnerabilidad afecta a las versiones 1, 2c y 3 de SNMP. Para aprovechar esta vulnerabilidad a través de SNMP v2c o anterior, el atacante debe conocer una cadena de comunidad SNMP válida de lectura y escritura o de solo lectura para el sistema afectado. Para aprovechar esta vulnerabilidad a través de SNMP v3, el atacante debe tener credenciales de usuario SNMP válidas para el sistema afectado.",HIGH,
CVE-2025-20172,2025-02-05 17:15:24.020,cisco,ios,"Una vulnerabilidad en el subsistema SNMP de Cisco IOS Software, Cisco IOS XE Software y Cisco IOS XR Software podría permitir que un atacante remoto autenticado provoque una condición de denegación de servicio (DoS) en un dispositivo afectado. Esta vulnerabilidad se debe a una gestión inadecuada de errores al analizar solicitudes SNMP. Un atacante podría aprovechar esta vulnerabilidad enviando una solicitud SNMP manipulada a un dispositivo afectado. En el caso de Cisco IOS e IOS XE Software, una explotación exitosa podría permitir que el atacante haga que el dispositivo se recargue inesperadamente, lo que genera una condición de denegación de servicio (DoS). En el caso de Cisco IOS XR Software, una explotación exitosa podría permitir que el atacante haga que el proceso SNMP se reinicie, lo que genera una respuesta SNMP interrumpida de un dispositivo afectado. Los dispositivos que ejecutan Cisco IOS XR Software no se recargarán. Esta vulnerabilidad afecta a las versiones 1, 2c y 3 de SNMP. Para aprovechar esta vulnerabilidad a través de SNMP v2c o anterior, el atacante debe conocer una cadena de comunidad SNMP válida de lectura y escritura o de solo lectura para el sistema afectado. Para explotar esta vulnerabilidad a través de SNMP v3, el atacante debe tener credenciales de usuario SNMP válidas para el sistema afectado.",HIGH,
CVE-2025-20176,2025-02-05 17:15:24.997,cisco,ios,"Una vulnerabilidad en el subsistema SNMP de Cisco IOS Software y Cisco IOS XE Software podría permitir que un atacante remoto autenticado provoque una condición de denegación de servicio (DoS) en un dispositivo afectado. Esta vulnerabilidad se debe a una gestión inadecuada de errores al analizar las solicitudes SNMP. Un atacante podría aprovechar esta vulnerabilidad enviando una solicitud SNMP manipulada a un dispositivo afectado. Una explotación exitosa podría permitir que el atacante haga que el dispositivo se recargue inesperadamente, lo que da como resultado una condición de denegación de servicio (DoS). Esta vulnerabilidad afecta a las versiones 1, 2c y 3 de SNMP. Para aprovechar esta vulnerabilidad a través de SNMP v2c o anterior, el atacante debe conocer una cadena de comunidad SNMP válida de lectura y escritura o de solo lectura para el sistema afectado. Para aprovechar esta vulnerabilidad a través de SNMP v3, el atacante debe tener credenciales de usuario SNMP válidas para el sistema afectado.",HIGH,
CVE-2025-20174,2025-02-05 17:15:24.513,cisco,ios,"Una vulnerabilidad en el subsistema SNMP de Cisco IOS Software y Cisco IOS XE Software podría permitir que un atacante remoto autenticado provoque una condición de denegación de servicio (DoS) en un dispositivo afectado. Esta vulnerabilidad se debe a una gestión inadecuada de errores al analizar las solicitudes SNMP. Un atacante podría aprovechar esta vulnerabilidad enviando una solicitud SNMP manipulada a un dispositivo afectado. Una explotación exitosa podría permitir que el atacante haga que el dispositivo se recargue inesperadamente, lo que da como resultado una condición de denegación de servicio (DoS). Esta vulnerabilidad afecta a las versiones 1, 2c y 3 de SNMP. Para aprovechar esta vulnerabilidad a través de SNMP v2c o anterior, el atacante debe conocer una cadena de comunidad SNMP válida de lectura y escritura o de solo lectura para el sistema afectado. Para aprovechar esta vulnerabilidad a través de SNMP v3, el atacante debe tener credenciales de usuario SNMP válidas para el sistema afectado.",HIGH,
CVE-2025-20138,2025-03-12 16:15:21.260,cisco,ios_xr,Una vulnerabilidad en la CLI del software Cisco IOS XR podría permitir que un atacante local autenticado ejecute comandos arbitrarios como superusuario en el sistema operativo subyacente de un dispositivo afectado. Esta vulnerabilidad se debe a una validación insuficiente de los argumentos de usuario que se pasan a comandos CLI específicos. Un atacante con una cuenta con pocos privilegios podría explotar esta vulnerabilidad utilizando comandos manipulados en el símbolo del sistema. Una explotación exitosa podría permitirle elevar los privilegios a superusuario y ejecutar comandos arbitrarios.,HIGH,
CVE-2025-20142,2025-03-12 16:15:21.573,cisco,ios_xr,"Una vulnerabilidad en la función de lista de control de acceso (ACL) IPv4 y la política de calidad de servicio (QoS) del software Cisco IOS XR para los routers de servicios de agregación Cisco ASR serie 9000, los routers compactos de alto rendimiento ASR 9902 y ASR 9903 podría permitir que un atacante remoto no autenticado reinicie una tarjeta de línea, lo que resulta en una denegación de servicio (DoS). Esta vulnerabilidad se debe a la gestión incorrecta de paquetes IPv4 malformados que se reciben en tarjetas de línea cuya interfaz tiene aplicada una ACL IPv4 o una política de QoS. Un atacante podría explotar esta vulnerabilidad enviando paquetes IPv4 manipulados a través de un dispositivo afectado. Una explotación exitosa podría permitir al atacante provocar errores en el procesador de red, lo que resultaría en el reinicio o apagado del proceso de red. El tráfico a través de esa tarjeta de línea se perdería mientras esta se recarga. Nota: Esta vulnerabilidad se ha observado principalmente en entornos VPN de Capa 2 (L2VPN) donde se ha aplicado una ACL IPv4 o una política de QoS a la interfaz virtual del puente. Las configuraciones de Capa 3 donde la interfaz tiene aplicada una ACL IPv4 o una política de QoS también se ven afectadas, aunque no se ha observado la vulnerabilidad.",HIGH,
CVE-2025-20146,2025-03-12 16:15:22.197,cisco,ios_xr,"Una vulnerabilidad en la función de multidifusión de capa 3 del software Cisco IOS XR para los routers de servicios de agregación Cisco ASR serie 9000, los routers compactos de alto rendimiento ASR 9902 y ASR 9903 podría permitir que un atacante remoto no autenticado reinicie una tarjeta de línea, lo que resulta en una denegación de servicio (DoS). Esta vulnerabilidad se debe a la gestión incorrecta de paquetes de multidifusión IPv4 malformados que se reciben en tarjetas de línea cuya interfaz tiene aplicada una lista de control de acceso (ACL) IPv4 o una política de QoS. Un atacante podría explotar esta vulnerabilidad enviando paquetes de multidifusión IPv4 manipulados a través de un dispositivo afectado. Una explotación exitosa podría permitir al atacante provocar excepciones en la tarjeta de línea o un reinicio forzado. El tráfico en esa tarjeta de línea se perdería mientras esta se recarga.",HIGH,
CVE-2025-20209,2025-03-12 16:15:22.507,cisco,ios_xr,"Una vulnerabilidad en la función Intercambio de Claves por Internet versión 2 (IKEv2) del software Cisco IOS XR podría permitir que un atacante remoto no autenticado impida que un dispositivo afectado procese paquetes UDP del plano de control. Esta vulnerabilidad se debe a la gestión incorrecta de paquetes IKEv2 malformados. Un atacante podría explotar esta vulnerabilidad enviando paquetes IKEv2 malformados a un dispositivo afectado. Una explotación exitosa podría permitir al atacante impedir que el dispositivo afectado procese paquetes UDP del plano de control, lo que provocaría una denegación de servicio (DoS). Cisco ha publicado actualizaciones de software que solucionan esta vulnerabilidad. No existen workarounds que la solucionen.",HIGH,
CVE-2025-20139,2025-04-02 17:15:43.097,cisco,enterprise_chat_and_email,"Una vulnerabilidad en las funciones de mensajería de chat de Cisco Enterprise Chat and Email (ECE) podría permitir que un atacante remoto no autenticado provoque una denegación de servicio (DoS). Esta vulnerabilidad se debe a una validación incorrecta de la información proporcionada por el usuario en los puntos de entrada del chat. Un atacante podría explotar esta vulnerabilidad enviando solicitudes maliciosas a un punto de entrada del chat de la aplicación afectada. Si se explota con éxito, el atacante podría provocar que la aplicación deje de responder, lo que provocaría una denegación de servicio (DoS). Es posible que la aplicación no se recupere por sí sola y que un administrador deba reiniciar los servicios manualmente.",HIGH,
CVE-2025-20236,2025-04-16 17:15:49.573,cisco,webex_teams,"Una vulnerabilidad en el analizador de URL personalizado de Cisco Webex App podría permitir que un atacante remoto no autenticado persuada a un usuario para que descargue archivos arbitrarios, lo que podría permitirle ejecutar comandos arbitrarios en el host del usuario objetivo. Esta vulnerabilidad se debe a una validación de entrada insuficiente cuando Cisco Webex App procesa un enlace de invitación a una reunión. Un atacante podría explotar esta vulnerabilidad persuadiendo a un usuario para que haga clic en un enlace de invitación a una reunión manipulado y descargue archivos arbitrarios. Una explotación exitosa podría permitirle ejecutar comandos arbitrarios con los privilegios del usuario objetivo.",HIGH,
CVE-2025-20122,2025-05-07 18:15:36.290,cisco,catalyst_sd-wan_manager,"Una vulnerabilidad en la CLI de Cisco Catalyst SD-WAN Manager, anteriormente Cisco SD-WAN vManage, podría permitir que un atacante local autenticado obtenga privilegios de usuario root en el sistema operativo subyacente. Esta vulnerabilidad se debe a una validación de entrada insuficiente. Un atacante autenticado con privilegios de solo lectura en el sistema SD-WAN Manager podría explotar esta vulnerabilidad enviando una solicitud manipulada a la CLI de SD-WAN Manager. Una explotación exitosa podría permitir al atacante obtener privilegios root en el sistema operativo subyacente.",HIGH,
CVE-2025-20140,2025-05-07 18:15:36.640,cisco,ios_xe,"Una vulnerabilidad en el demonio de control de red inalámbrica (wncd) del software Cisco IOS XE para controladores de LAN inalámbrica (WLC) podría permitir que un atacante inalámbrico adyacente no autenticado provoque una denegación de servicio (DoS). Esta vulnerabilidad se debe a una gestión de memoria inadecuada. Un atacante podría explotarla enviando una serie de solicitudes de red IPv6 desde un cliente inalámbrico IPv6 asociado a un dispositivo afectado. Para asociar un cliente a un dispositivo, el atacante podría necesitar primero autenticarse en la red o asociarse libremente en el caso de una red abierta configurada. Una explotación exitosa podría permitir al atacante provocar que el proceso wncd consuma memoria disponible y, finalmente, que el dispositivo deje de responder, lo que resulta en una denegación de servicio (DoS).",HIGH,
CVE-2025-20154,2025-05-07 18:15:37.177,cisco,ios,"Una vulnerabilidad en la función de servidor del Protocolo de Medición Activa Bidireccional (TWAMP) del software Cisco IOS y Cisco IOS XE podría permitir que un atacante remoto no autenticado recargue el dispositivo afectado, lo que resulta en una denegación de servicio (DoS). En el software Cisco IOS XR, esta vulnerabilidad podría provocar que el proceso ipsla_ippm_server se recargue inesperadamente si se habilitan las depuraciones. Esta vulnerabilidad se debe a un acceso fuera de los límites a la matriz al procesar paquetes de control TWAMP especialmente manipulados. Un atacante podría explotar esta vulnerabilidad enviando paquetes de control TWAMP diseñados a un dispositivo afectado. Una explotación exitosa podría permitir que el atacante recargue el dispositivo afectado, lo que resulta en una denegación de servicio (DoS). Nota: En el software Cisco IOS XR, solo el proceso ipsla_ippm_server se recarga inesperadamente y solo cuando se habilitan las depuraciones. Los detalles de la vulnerabilidad del software Cisco IOS XR son los siguientes: Clasificación de impacto de seguridad (SIR): baja. Puntuación base CVSS: 3,7. Vector CVSS: CVSS: 3.1/AV: N/AC: H/PR: N/UI: N/S: U/C: N/I: N/A: L.",HIGH,
CVE-2025-20162,2025-05-07 18:15:37.663,cisco,ios_xe,"Una vulnerabilidad en la función de seguridad de vigilancia DHCP del software Cisco IOS XE podría permitir que un atacante remoto no autenticado provoque una cuña de cola de interfaz completa, lo que podría resultar en una denegación de servicio (DoS). Esta vulnerabilidad se debe a la gestión incorrecta de los paquetes de solicitud DHCP. Un atacante podría explotar esta vulnerabilidad enviando paquetes de solicitud DHCP a un dispositivo afectado. Una explotación exitosa podría permitir al atacante provocar una cuña de paquetes en la cola, creando una condición de DoS para los dispositivos posteriores del sistema afectado y requiriendo que el sistema se reinicie para vaciar la cola. Nota: Esta vulnerabilidad puede explotarse con paquetes DHCP de unidifusión o difusión en una VLAN que no tenga activada la vigilancia DHCP.",HIGH,
CVE-2025-20182,2025-05-07 18:15:38.120,cisco,adaptive_security_appliance_software,"Una vulnerabilidad en el procesamiento del protocolo de Intercambio de Claves de Internet versión 2 (IKEv2) del software Cisco Adaptive Security Appliance (ASA), Cisco Firepower Threat Defense (FTD), Cisco IOS y Cisco IOS XE podría permitir que un atacante remoto no autenticado provoque una denegación de servicio (DoS) en un dispositivo afectado. Esta vulnerabilidad se debe a una validación de entrada insuficiente al procesar mensajes IKEv2. Un atacante podría explotar esta vulnerabilidad enviando tráfico IKEv2 manipulado a un dispositivo afectado. Una explotación exitosa podría permitir al atacante provocar la recarga del dispositivo, lo que provocaría una denegación de servicio (DoS) en el dispositivo afectado.",HIGH,
CVE-2025-20186,2025-05-07 18:15:38.307,cisco,ios_xe,Una vulnerabilidad en la interfaz de administración web de la función Controlador de LAN inalámbrica del software Cisco IOS XE podría permitir que un atacante remoto autenticado con una cuenta de usuario embajador de lobby realice un ataque de inyección de comandos contra un dispositivo afectado. Esta vulnerabilidad se debe a una validación de entrada insuficiente. Un atacante podría explotarla enviando una entrada manipulada a la interfaz de administración web. Una explotación exitosa podría permitir al atacante ejecutar comandos arbitrarios de la CLI del software Cisco IOS XE con nivel de privilegio 15. Nota: Esta vulnerabilidad solo es explotable si el atacante obtiene las credenciales de una cuenta embajador de lobby. Esta cuenta no está configurada por defecto.,HIGH,
CVE-2025-20189,2025-05-07 18:15:38.770,cisco,ios_xe,"Una vulnerabilidad en la función Cisco Express Forwarding del software Cisco IOS XE para routers de servicios de agregación Cisco ASR 903 con procesador de conmutación de ruta 3 (RSP3C) podría permitir que un atacante adyacente no autenticado active una denegación de servicio (DoS). Esta vulnerabilidad se debe a una gestión de memoria inadecuada cuando el software Cisco IOS XE procesa mensajes del protocolo de resolución de direcciones (ARP). Un atacante podría explotar esta vulnerabilidad enviando mensajes ARP manipulados a alta velocidad durante un período de tiempo a un dispositivo afectado. Una explotación exitosa podría permitir al atacante agotar los recursos del sistema, lo que eventualmente desencadena la recarga del procesador de conmutación de ruta (RSP) activo. Si no hay un RSP redundante, el router se recarga.",HIGH,
CVE-2025-20202,2025-05-07 18:15:41.063,cisco,ios_xe,"Una vulnerabilidad en Cisco IOS XE Wireless Controller Software podría permitir que un atacante adyacente no autenticado provoque una denegación de servicio (DoS) en un dispositivo afectado. Esta vulnerabilidad se debe a una validación insuficiente de los informes de vecino del Protocolo de Descubrimiento de Cisco (CDP) del punto de acceso (AP) cuando son procesados por el controlador inalámbrico. Un atacante podría explotar esta vulnerabilidad enviando un paquete CDP manipulado a un AP. Una explotación exitosa podría permitir al atacante provocar una recarga inesperada del controlador inalámbrico que administra el AP, lo que resultaría en una denegación de servicio (DoS) que afectaría a la red inalámbrica.",HIGH,
CVE-2025-20210,2025-05-07 18:15:41.240,cisco,catalyst_center,"Una vulnerabilidad en la API de administración de Cisco Catalyst Center, anteriormente Cisco DNA Center, podría permitir que un atacante remoto no autenticado lea y modifique la configuración del proxy saliente. Esta vulnerabilidad se debe a la falta de autenticación en un endpoint de la API. Un atacante podría explotar esta vulnerabilidad enviando una solicitud a la API afectada de un dispositivo Catalyst Center. Una explotación exitosa podría permitir al atacante ver o modificar la configuración del proxy saliente, lo que podría interrumpir el tráfico de internet de Cisco Catalyst Center o interceptar el tráfico saliente.",HIGH,
CVE-2025-20141,2025-03-12 16:15:21.420,cisco,ios_xr,"Una vulnerabilidad en la gestión de paquetes específicos que se envían desde una tarjeta de línea a un procesador de rutas en la versión 7.9.2 del software Cisco IOS XR podría permitir que un atacante adyacente no autenticado provoque la interrupción del tráfico del plano de control en varias plataformas Cisco IOS XR. Esta vulnerabilidad se debe a la gestión incorrecta de los paquetes que se envían al procesador de rutas. Un atacante podría explotar esta vulnerabilidad enviando tráfico, que debe ser gestionado por la pila de Linux en el procesador de rutas, a un dispositivo afectado. Una explotación exitosa podría permitir al atacante provocar la interrupción del tráfico del plano de control, lo que resultaría en una denegación de servicio (DoS).",HIGH,
CVE-2025-20171,2025-02-05 17:15:23.753,cisco,ios,"Una vulnerabilidad en el subsistema SNMP de Cisco IOS Software y Cisco IOS XE Software podría permitir que un atacante remoto autenticado provoque una condición de denegación de servicio (DoS) en un dispositivo afectado. Esta vulnerabilidad se debe a una gestión inadecuada de errores al analizar las solicitudes SNMP. Un atacante podría aprovechar esta vulnerabilidad enviando una solicitud SNMP manipulada a un dispositivo afectado. Una explotación exitosa podría permitir que el atacante haga que el dispositivo se recargue inesperadamente, lo que da como resultado una condición de denegación de servicio (DoS). Esta vulnerabilidad afecta a las versiones 1, 2c y 3 de SNMP. Para aprovechar esta vulnerabilidad a través de SNMP v2c o anterior, el atacante debe conocer una cadena de comunidad SNMP válida de lectura y escritura o de solo lectura para el sistema afectado. Para aprovechar esta vulnerabilidad a través de SNMP v3, el atacante debe tener credenciales de usuario SNMP válidas para el sistema afectado.",HIGH,
CVE-2025-25251,2025-05-28 08:15:21.387,fortinet,forticlient,"Una vulnerabilidad de autorización incorrecta [CWE-863] en FortiClient Mac 7.4.0 a 7.4.2, 7.2.0 a 7.2.8, 7.0.0 a 7.0.14 puede permitir que un atacante local escale privilegios a través de mensajes XPC manipulado.",HIGH,
CVE-2025-20169,2025-02-05 17:15:22.777,cisco,ios,"Una vulnerabilidad en el subsistema SNMP de Cisco IOS Software y Cisco IOS XE Software podría permitir que un atacante remoto autenticado provoque una condición de denegación de servicio (DoS) en un dispositivo afectado. Esta vulnerabilidad se debe a una gestión inadecuada de errores al analizar las solicitudes SNMP. Un atacante podría aprovechar esta vulnerabilidad enviando una solicitud SNMP manipulada a un dispositivo afectado. Una explotación exitosa podría permitir que el atacante haga que el dispositivo se recargue inesperadamente, lo que da como resultado una condición de denegación de servicio (DoS). Esta vulnerabilidad afecta a las versiones 1, 2c y 3 de SNMP. Para aprovechar esta vulnerabilidad a través de SNMP v2c o anterior, el atacante debe conocer una cadena de comunidad SNMP válida de lectura y escritura o de solo lectura para el sistema afectado. Para aprovechar esta vulnerabilidad a través de SNMP v3, el atacante debe tener credenciales de usuario SNMP válidas para el sistema afectado. ",HIGH,
CVE-2024-35279,2025-02-11 17:15:22.253,fortinet,fortios,"Una vulnerabilidad de desbordamiento de búfer basada en pila [CWE-121] en Fortinet FortiOS versión 7.2.4 a 7.2.8 y versión 7.4.0 a 7.4.4 permite a un atacante remoto no autenticado ejecutar código o comandos arbitrarios a través de paquetes UDP manipulados mediante el control CAPWAP, siempre que el atacante haya podido evadir las protecciones de la pila de FortiOS y siempre que el servicio de estructura se esté ejecutando en la interfaz expuesta.",HIGH,
CVE-2024-40584,2025-02-11 17:15:22.540,fortinet,fortimanager_cloud,"Vulnerabilidad de neutralización indebida de elementos especiales utilizados en un comando del SO ('Inyección de comando del SO') [CWE-78] en Fortinet FortiAnalyzer versión 7.4.0 a 7.4.3, 7.2.0 a 7.2.5, 7.0.0 a 7.0.13, 6.4.0 a 6.4.15 y 6.2.2 a 6.2.13, Fortinet FortiManager versión 7.4.0 a 7.4.3, 7.2.0 a 7.2.5, 7.0.0 a 7.0.13, 6.4.0 a 6.4.15 y 6.2.2 a 6.2.13, Fortinet FortiAnalyzer BigData versión 7.4.0, 7.2.0 a 7.2.7, 7.0.1 a 7.0.6, La GUI permite que un atacante privilegiado autenticado ejecute código o comandos no autorizados a través de solicitudes HTTPS o HTTPS manipuladas.",HIGH,
CVE-2024-40591,2025-02-11 17:15:22.810,fortinet,fortios,"Una vulnerabilidad de asignación incorrecta de privilegios [CWE-266] en Fortinet FortiOS versión 7.6.0, 7.4.0 a 7.4.4, 7.2.0 a 7.2.9 y anteriores a 7.0.15 permite que un administrador autenticado cuyo perfil de acceso tiene el permiso Security Fabric escale sus privilegios a superadministrador conectando el FortiGate objetivo a un FortiGate ascendente malicioso que controlan.",HIGH,
CVE-2024-50567,2025-02-11 17:15:22.980,fortinet,fortiweb,Una neutralización incorrecta de elementos especiales utilizados en un comando del sistema operativo ('inyección de comando del sistema operativo') en Fortinet FortiWeb 7.4.0 a 7.6.0 permite a un atacante ejecutar código o comandos no autorizados a través de una entrada manipulada específicamente.,HIGH,
CVE-2025-24470,2025-02-11 17:15:34.730,fortinet,fortiportal,"Una vulnerabilidad de resolución incorrecta de equivalencia de ruta [CWE-41] en FortiPortal 7.4.0 a 7.4.2, 7.2.0 a 7.2.6, 7.0.0 a 7.0.11 puede permitir que un atacante remoto no autenticado recupere el código fuente a través de solicitudes HTTP manipuladas.",HIGH,
CVE-2025-24472,2025-02-11 17:15:34.867,fortinet,fortiproxy,"Una vulnerabilidad de omisión de autenticación mediante una ruta o canal alternativo [CWE-288] que afecta a FortiOS 7.0.0 a 7.0.16 y FortiProxy 7.2.0 a 7.2.12, 7.0.0 a 7.0.19 puede permitir que un atacante remoto obtenga privilegios de superadministrador a través de solicitudes de proxy CSF manipuladas.",HIGH,
CVE-2023-37933,2025-03-11 15:15:38.480,fortinet,fortiadc,"Una vulnerabilidad de neutralización incorrecta de la entrada durante la generación de páginas web ('Cross-site Scripting') [CWE-79] en la GUI de FortiADC versión 7.4.0, 7.2.0 a 7.2.1 y anteriores a 7.1.3 permite que un atacante autenticado realice un ataque XSS a través de solicitudes HTTP o HTTPS manipuladas.",HIGH,
CVE-2023-40723,2025-03-11 15:15:39.843,fortinet,fortisiem,Una exposición de información confidencial a un actor no autorizado en Fortinet FortiSIEM versión 6.7.0 a 6.7.4 y 6.6.0 a 6.6.3 y 6.5.0 a 6.5.1 y 6.4.0 a 6.4.2 y 6.3.0 a 6.3.3 y 6.2.0 a 6.2.1 y 6.1.0 a 6.1.2 y 5.4.0 y 5.3.0 a 5.3.3 y 5.2.5 a 5.2.8 y 5.2.1 a 5.2.2 y 5.1.0 a 5.1.3 permite al atacante ejecutar código o comandos no autorizados a través de una solicitud de API.,HIGH,
CVE-2023-48790,2025-03-11 15:15:40.227,fortinet,fortindr,"Una vulnerabilidad de Cross-Site Request Forgery [CWE-352] en Fortinet FortiNDR versión 7.4.0, 7.2.0 a 7.2.1 y 7.1.0 a 7.1.1 y anteriores a 7.0.5 puede permitir que un atacante remoto no autenticado ejecute acciones no autorizadas a través de solicitudes HTTP GET manipuladas.",HIGH,
CVE-2024-45324,2025-03-11 15:15:41.743,fortinet,fortios,"Una vulnerabilidad de uso de cadena de formato controlada externamente [CWE-134] en FortiOS versión 7.4.0 a 7.4.4, versión 7.2.0 a 7.2.9, versión 7.0.0 a 7.0.15 y anteriores a 6.4.15, FortiProxy versión 7.4.0 a 7.4.6, versión 7.2.0 a 7.2.12 y anteriores a 7.0.19, FortiPAM versión 1.4.0 a 1.4.2 y anteriores a 1.3.1, FortiSRA versión 1.4.0 a 1.4.2 y anteriores a 1.3.1 y FortiWeb versión 7.4.0 a 7.4.5, versión 7.2.0 a 7.2.10 y anteriores a 7.0.10 permite a un atacante privilegiado ejecutar código o comandos no autorizados a través de comandos HTTP o HTTPS especialmente manipulados.",HIGH,
CVE-2024-45328,2025-03-11 15:15:41.963,fortinet,fortisandbox,Una vulnerabilidad de autorización incorrecta [CWE-863] en FortiSandbox 4.4.0 a 4.4.6 puede permitir que un administrador con pocos privilegios ejecute comandos CLI elevados a través del menú de la consola GUI.,HIGH,
CVE-2024-52961,2025-03-11 15:15:42.960,fortinet,fortisandbox,"Una neutralización incorrecta de elementos especiales utilizados en una vulnerabilidad de comando del sistema operativo [CWE-78] en Fortinet FortiSandbox versión 5.0.0, 4.4.0 a 4.4.7, 4.2.0 a 4.2.7 y anteriores a 4.0.5 permite que un atacante autenticado con al menos permiso de solo lectura ejecute comandos no autorizados a través de solicitudes manipuladas.",HIGH,
CVE-2024-54018,2025-03-11 15:15:43.113,fortinet,fortisandbox,Múltiples vulnerabilidades de neutralización incorrecta de elementos especiales utilizados en un comando del sistema operativo [CWE-78] en FortiSandbox anterior a 4.4.5 permiten que un atacante privilegiado ejecute comandos no autorizados a través de solicitudes manipuladas.,HIGH,
CVE-2024-55590,2025-03-11 15:15:43.650,fortinet,fortiisolator,Las vulnerabilidades de neutralización incorrecta múltiple de elementos especiales utilizados en un comando del SO ('inyección de comando del SO') [CWE-78] en Fortinet FortiIsolator versión 2.4.0 a 2.4.5 permiten que un atacante autenticado con al menos permiso de administrador de solo lectura y acceso CLI ejecute código no autorizado a través de comandos CLI específicamente manipulados.,HIGH,
CVE-2024-26006,2025-03-14 10:15:14.520,fortinet,fortios,"Una vulnerabilidad de neutralización incorrecta de la entrada durante la generación de páginas web [CWE-79] en la interfaz de usuario web SSL VPN de FortiOS versión 7.4.3 y anteriores, versión 7.2.7 y anteriores, versión 7.0.13 y anteriores y FortiProxy versión 7.4.3 y anteriores, versión 7.2.9 y anteriores, versión 7.0.16 y anteriores puede permitir que un atacante remoto no autenticado realice un ataque de cross-site scripting a través de un servidor samba malicioso.",HIGH,
CVE-2024-46662,2025-03-14 15:15:43.200,fortinet,fortimanager,"Una neutralización incorrecta de elementos especiales utilizados en un comando ('inyección de comando') en Fortinet FortiManager versiones 7.4.1 a 7.4.3, FortiManager Cloud versiones 7.4.1 a 7.4.3 permite a los atacantes escalar privilegios a través de paquetes específicamente manipulados.",HIGH,
CVE-2023-45588,2025-03-14 16:15:27.570,fortinet,forticlient,"Una vulnerabilidad de control externo de nombre de archivo o ruta [CWE-73] en el instalador de FortiClientMac versión 7.2.3 y anteriores, versión 7.0.10 y anteriores puede permitir que un atacante local ejecute código o comandos arbitrarios mediante la escritura de un archivo de configuración malicioso en /tmp antes de iniciar el proceso de instalación.",HIGH,
CVE-2024-54027,2025-03-17 14:15:19.613,fortinet,fortisandbox,"Una vulnerabilidad de uso de clave criptográfica codificada de forma rígida [CWE-321] en FortiSandbox versión 4.4.6 y anteriores, versión 4.2.7 y anteriores, versión 4.0.5 y anteriores, versión 3.2.4 y anteriores, versión 3.1.5 y anteriores, versión 3.0.7 a 3.0.5 puede permitir que un atacante privilegiado con perfil de súper administrador y acceso CLI lea datos confidenciales a través de CLI.",HIGH,
CVE-2024-21760,2025-03-18 14:15:38.297,fortinet,fortisoar,"Una vulnerabilidad de control inadecuado de generación de código ('Inyección de código') [CWE-94] en FortiSOAR Connector FortiSOAR 7.4 todas las versiones, 7.3 todas las versiones, 7.2 todas las versiones, 7.0 todas las versiones, 6.4 todas las versiones puede permitir que un atacante autenticado ejecute código arbitrario en el host a través de un fragmento de código de libro de estrategias.",HIGH,
CVE-2021-26091,2025-03-24 16:15:16.450,fortinet,fortimail,El uso de una vulnerabilidad de generador de números pseudoaleatorios criptográficamente débil en el autenticador del servicio de cifrado basado en identidad de FortiMail 6.4.0 a 6.4.4 y 6.2.0 a 6.2.7 puede permitir que un atacante no autenticado infiera partes de los tokens de autenticación de los usuarios y restablezca sus credenciales.,HIGH,
CVE-2023-37930,2025-04-08 14:15:30.653,fortinet,fortios,"Varios problemas, incluido el uso de recursos no inicializados [CWE-908] y las vulnerabilidades de iteración excesiva [CWE-834] en Fortinet FortiOS SSL VPN webmode versión 7.4.0, versión 7.2.0 a 7.2.5, versión 7.0.1 a 7.0.11 y versión 6.4.7 a 6.4.14 y Fortinet FortiProxy SSL VPN webmode versión 7.2.0 a 7.2.6 y versión 7.0.0 a 7.0.12 permiten que un usuario de VPN corrompa la memoria, lo que potencialmente lleva a la ejecución de código o comandos a través de solicitudes específicamente manipuladas.",HIGH,
CVE-2024-26013,2025-04-08 14:15:30.863,fortinet,fortianalyzer,"Vulnerabilidad de restricción indebida del canal de comunicación a los endpoints previstos [CWE-923] en Fortinet FortiOS versión 7.4.0 a 7.4.4, 7.2.0 a 7.2.8, 7.0.0 a 7.0.15, 6.4.0 a 6.4.15 y anteriores a 6.2.16, Fortinet FortiProxy versión 7.4.0 a 7.4.2, 7.2.0 a 7.2.9 y anteriores a 7.0.15, Fortinet FortiManager versión 7.4.0 a 7.4.2, 7.2.0 a 7.2.4, 7.0.0 a 7.0.11, 6.4.0 a 6.4.14 y anteriores a 6.2.13, Fortinet FortiAnalyzer versión 7.4.0 a 7.4.2, Las versiones 7.2.0 a 7.2.4, 7.0.0 a 7.0.11, 6.4.0 a 6.4.14 y anteriores a 6.2.13, Fortinet FortiVoice versión 7.0.0 a 7.0.2 anteriores a 6.4.8 y Fortinet FortiWeb anterior a 7.4.2 pueden permitir que un atacante no autenticado en una posición intermedia se haga pasar por el dispositivo de administración (servidor FortiCloud y/o en ciertas condiciones, FortiManager), al interceptar la solicitud de autenticación FGFM entre el dispositivo de administración y el dispositivo administrado.",HIGH,
CVE-2024-54024,2025-04-08 14:15:32.303,fortinet,fortiisolator,Una vulnerabilidad de neutralización incorrecta de elementos especiales utilizados en un comando del SO ('OS Command Injection') [CWE-78] en Fortinet FortiIsolator anterior a la versión 2.4.6 permite que un atacante privilegiado con perfil de súper administrador y acceso CLI ejecute código no autorizado a través de solicitudes HTTP específicamente manipuladas.,HIGH,
CVE-2025-25254,2025-04-08 14:15:32.857,fortinet,fortiweb,"Una vulnerabilidad de limitación incorrecta de una ruta a un directorio restringido ('Path Traversal') [CWE-22] en FortiWeb versión 7.6.2 y anteriores, versión 7.4.6 y anteriores, 7.2 todas las versiones, 7.0 todas las versiones puede permitir que un administrador autenticado acceda y modifique el sistema de archivos a través de solicitudes manipuladas.",HIGH,
CVE-2025-20113,2025-05-21 17:15:55.620,cisco,unified_intelligence_center,"Una vulnerabilidad en Cisco Unified Intelligence Center podría permitir que un atacante remoto autenticado eleve privilegios a Administrador para un conjunto limitado de funciones en un sistema afectado. Esta vulnerabilidad se debe a una validación insuficiente del lado del servidor de los parámetros proporcionados por el usuario en las solicitudes API o HTTP. Un atacante podría explotar esta vulnerabilidad enviando una solicitud API o HTTP manipulada a un sistema afectado. Una explotación exitosa podría permitir al atacante acceder, modificar o eliminar datos más allá del ámbito de su nivel de acceso previsto, incluyendo la obtención de información potencialmente confidencial almacenada en el sistema.",HIGH,
CVE-2025-20170,2025-02-05 17:15:23.283,cisco,ios,"Una vulnerabilidad en el subsistema SNMP de Cisco IOS Software y Cisco IOS XE Software podría permitir que un atacante remoto autenticado provoque una condición de denegación de servicio (DoS) en un dispositivo afectado. Esta vulnerabilidad se debe a una gestión inadecuada de errores al analizar las solicitudes SNMP. Un atacante podría aprovechar esta vulnerabilidad enviando una solicitud SNMP manipulada a un dispositivo afectado. Una explotación exitosa podría permitir que el atacante haga que el dispositivo se recargue inesperadamente, lo que da como resultado una condición de denegación de servicio (DoS). Esta vulnerabilidad afecta a las versiones 1, 2c y 3 de SNMP. Para aprovechar esta vulnerabilidad a través de SNMP v2c o anterior, el atacante debe conocer una cadena de comunidad SNMP válida de lectura y escritura o de solo lectura para el sistema afectado. Para aprovechar esta vulnerabilidad a través de SNMP v3, el atacante debe tener credenciales de usuario SNMP válidas para el sistema afectado.",HIGH,
CVE-2025-20152,2025-05-21 17:15:56.010,cisco,identity_services_engine,"Una vulnerabilidad en la función de procesamiento de mensajes RADIUS de Cisco Identity Services Engine (ISE) podría permitir que un atacante remoto no autenticado provoque una denegación de servicio (DoS) en un dispositivo afectado. Esta vulnerabilidad se debe a la gestión incorrecta de ciertas solicitudes RADIUS. Un atacante podría explotar esta vulnerabilidad enviando una solicitud de autenticación específica a un dispositivo de acceso a la red (NAD) que utiliza Cisco ISE para autenticación, autorización y contabilidad (AAA). Una explotación exitosa podría permitir al atacante provocar la recarga de Cisco ISE.",HIGH,
id,Fecha de creación,Marca,Modelo,Descripción,CVSS_31,CVSS_4
CVE-2025-20125,2025-02-05 17:15:22.610,cisco,identity_services_engine,"Una vulnerabilidad en una API de Cisco ISE podría permitir que un atacante remoto autenticado con credenciales válidas de solo lectura obtenga información confidencial, cambie las configuraciones de los nodos y reinicie el nodo. Esta vulnerabilidad se debe a la falta de autorización en una API específica y a una validación incorrecta de los datos proporcionados por el usuario. Un atacante podría aprovechar esta vulnerabilidad enviando una solicitud HTTP manipulada a una API específica en el dispositivo. Una explotación exitosa podría permitir al atacante obtener información, modificar la configuración del sistema y recargar el dispositivo. Nota: Para aprovechar esta vulnerabilidad con éxito, el atacante debe tener credenciales administrativas válidas de solo lectura. En una implementación de un solo nodo, los dispositivos nuevos no podrán autenticarse durante el tiempo de recarga.",CRITICAL,
CVE-2023-20154,2024-11-15 15:15:05.697,cisco,modeling_labs,"Una vulnerabilidad en el mecanismo de autenticación externa de Cisco Modeling Labs podría permitir que un atacante remoto no autenticado acceda a la interfaz web con privilegios administrativos. Esta vulnerabilidad se debe al manejo inadecuado de ciertos mensajes que devuelve el servidor de autenticación externo asociado. Un atacante podría aprovechar esta vulnerabilidad iniciando sesión en la interfaz web de un servidor afectado. En determinadas condiciones, se omitiría el mecanismo de autenticación y el atacante iniciaría sesión como administrador. Una explotación exitosa podría permitir al atacante obtener privilegios administrativos en la interfaz web de un servidor afectado, incluida la capacidad de acceder y modificar todas las simulaciones y todos los datos creados por el usuario. Para aprovechar esta vulnerabilidad, el atacante necesitaría credenciales de usuario válidas que estén almacenadas en el servidor de autenticación externo asociado. Cisco ha publicado actualizaciones de software que solucionan esta vulnerabilidad. Existen workarounds que solucionan esta vulnerabilidad.",CRITICAL,
CVE-2023-37936,2025-01-14 14:15:26.790,fortinet,fortiswitch,El uso de una clave criptográfica codificada en Fortinet FortiSwitch versión 7.4.0 y 7.2.0 a 7.2.5 y 7.0.0 a 7.0.7 y 6.4.0 a 6.4.13 y 6.2.0 a 6.2.7 y 6.0.0 a 6.0.7 permite a un atacante ejecutar código o comandos no autorizados a través de solicitudes manipuladas.,CRITICAL,
CVE-2025-20156,2025-01-22 17:15:12.800,cisco,meeting_management,Una vulnerabilidad en la API REST de Cisco Meeting Management podría permitir que un atacante remoto autenticado con privilegios bajos eleve los permisos a administrador en un dispositivo afectado. Esta vulnerabilidad existe porque no se aplica la autorización adecuada a los usuarios de la API REST. Un atacante podría aprovechar esta vulnerabilidad enviando solicitudes de API a un endpoint específico. Una explotación exitosa podría permitir al atacante obtener control a nivel de administrador sobre los nodos perimetrales administrados por Cisco Meeting Management.,CRITICAL,
CVE-2021-26102,2024-12-19 14:15:05.380,fortinet,fortiwan,"Una vulnerabilidad de path traversal relativo (CWE-23) en FortiWAN versión 4.5.7 y anteriores, 4.4 y todas las versiones puede permitir que un atacante remoto no autenticado elimine archivos del sistema mediante el envío de una solicitud POST manipulada. En particular, la eliminación de archivos de configuración específicos restablecerá la contraseña de administrador a su valor predeterminado.",CRITICAL,
CVE-2025-20124,2025-02-05 17:15:22.457,cisco,identity_services_engine,"Una vulnerabilidad en una API de Cisco ISE podría permitir que un atacante remoto autenticado ejecute comandos arbitrarios como usuario superusuario en un dispositivo afectado. Esta vulnerabilidad se debe a la deserialización insegura de secuencias de bytes de Java proporcionadas por el usuario por parte del software afectado. Un atacante podría aprovechar esta vulnerabilidad enviando un objeto Java serializado manipulado a una API afectada. Una explotación exitosa podría permitir al atacante ejecutar comandos arbitrarios en el dispositivo y elevar privilegios. Nota: Para aprovechar esta vulnerabilidad con éxito, el atacante debe tener credenciales administrativas válidas de solo lectura. En una implementación de un solo nodo, los dispositivos nuevos no podrán autenticarse durante el tiempo de recarga.",CRITICAL,
CVE-2024-47572,2025-01-14 14:15:32.717,fortinet,fortisoar,Una neutralización incorrecta de elementos de fórmula en un archivo csv en Fortinet FortiSOAR 7.2.1 a 7.4.1 permite a un atacante ejecutar código o comandos no autorizados mediante la manipulación del archivo csv.,CRITICAL,
CVE-2023-20036,2024-11-15 16:15:24.950,cisco,industrial_network_director,Una vulnerabilidad en la interfaz web de Cisco IND podría permitir que un atacante remoto autenticado ejecute comandos arbitrarios con privilegios administrativos en el sistema operativo subyacente de un dispositivo afectado. Esta vulnerabilidad se debe a una validación de entrada incorrecta al cargar un Device Pack. Un atacante podría aprovechar esta vulnerabilidad modificando la solicitud que se envía al cargar un Device Pack. Una explotación exitosa podría permitir que el atacante ejecute comandos arbitrarios como NT AUTHORITY\SYSTEM en el sistema operativo subyacente de un dispositivo afectado. Cisco ha publicado actualizaciones de software que solucionan esta vulnerabilidad. No existen workarounds que solucionen esta vulnerabilidad.,CRITICAL,
CVE-2023-34990,2024-12-18 13:15:05.547,fortinet,fortiwlm,Path traversal relativo en Fortinet FortiWLM versión 8.6.0 a 8.6.5 y 8.5.0 a 8.5.4 permite a un atacante ejecutar código o comandos no autorizados a través de solicitudes web especialmente manipuladas.,CRITICAL,
CVE-2024-48886,2025-01-14 14:15:33.027,fortinet,fortianalyzer,"Una autenticación débil en Fortinet FortiOS versiones 7.4.0 a 7.4.4, 7.2.0 a 7.2.8, 7.0.0 a 7.0.15, 6.4.0 a 6.4.15, FortiProxy versiones 7.4.0 a 7.4.4, 7.2.0 a 7.2.10, 7.0.0 a 7.0.17, 2.0.0 a 2.0.14, FortiManager versiones 7.6.0 a 7.6.1, 7.4.1 a 7.4.3, FortiManager Cloud versiones 7.4.1 a 7.4.3 y FortiAnalyzer Cloud versiones 7.4.1 a 7.4.3 permite a un atacante ejecutar código o comandos no autorizados mediante un ataque de fuerza bruta.",CRITICAL,
CVE-2024-55591,2025-01-14 14:15:34.450,fortinet,fortiproxy,Una vulnerabilidad de omisión de autenticación mediante una ruta o canal alternativo [CWE-288] que afecta a FortiOS versión 7.0.0 a 7.0.16 y FortiProxy versión 7.0.0 a 7.0.19 y 7.2.0 a 7.2.12 permite que un atacante remoto obtenga privilegios de superadministrador mediante solicitudes manipuladas al módulo websocket Node.js.,CRITICAL,
CVE-2022-20853,2024-11-15 16:15:23.540,cisco,telepresence_video_communication_server,Una vulnerabilidad en la API REST de Cisco Expressway Series y Cisco TelePresence VCS podría permitir que un atacante remoto no autenticado realice un ataque de Cross-Site Request Forgery (CSRF) en un sistema afectado. Esta vulnerabilidad se debe a que no hay suficientes protecciones CSRF para la interfaz de administración basada en web de un sistema afectado. Un atacante podría aprovechar esta vulnerabilidad persuadiendo a un usuario de la API REST para que siga un enlace manipulado. Una explotación exitosa podría permitir que el atacante haga que el sistema afectado se recargue. Cisco ha publicado actualizaciones de software que solucionan esta vulnerabilidad. No existen workarounds que solucionen esta vulnerabilidad.,HIGH,
CVE-2024-20536,2024-11-06 17:15:19.140,cisco,nexus_dashboard_fabric_controller,"Una vulnerabilidad en un endpoint de API REST y una interfaz de administración basada en web de Cisco Nexus Dashboard Fabric Controller (NDFC) podría permitir que un atacante remoto autenticado con privilegios de solo lectura ejecute comandos SQL arbitrarios en un dispositivo afectado. Esta vulnerabilidad se debe a una validación insuficiente de la entrada proporcionada por el usuario. Un atacante podría aprovechar esta vulnerabilidad enviando una solicitud manipulado a un endpoint de API REST o una interfaz de administración basada en web específicos. Una explotación exitosa podría permitir que el atacante lea, modifique o elimine datos arbitrarios en una base de datos interna, lo que podría afectar la disponibilidad del dispositivo.",HIGH,
CVE-2024-24914,2024-11-07 12:15:24.327,checkpoint,gaia_os,Los usuarios autenticados de Gaia pueden inyectar código o comandos mediante variables globales a través de solicitudes HTTP especiales. Hay disponible una solución de seguridad que mitiga esta vulnerabilidad.,HIGH,
CVE-2025-24472,2025-02-11 17:15:34.867,fortinet,fortiproxy,"Una vulnerabilidad de omisión de autenticación mediante una ruta o canal alternativo [CWE-288] que afecta a FortiOS 7.0.0 a 7.0.16 y FortiProxy 7.2.0 a 7.2.12, 7.0.0 a 7.0.19 puede permitir que un atacante remoto obtenga privilegios de superadministrador a través de solicitudes de proxy CSF manipuladas.",HIGH,
CVE-2025-24470,2025-02-11 17:15:34.730,fortinet,fortiportal,"Una vulnerabilidad de resolución incorrecta de equivalencia de ruta [CWE-41] en FortiPortal 7.4.0 a 7.4.2, 7.2.0 a 7.2.6, 7.0.0 a 7.0.11 puede permitir que un atacante remoto no autenticado recupere el código fuente a través de solicitudes HTTP manipuladas.",HIGH,
CVE-2022-20685,2024-11-15 16:15:21.910,cisco,cyber_vision,"Una vulnerabilidad en el preprocesador Modbus del motor de detección Snort podría permitir que un atacante remoto no autenticado provoque una condición de denegación de servicio (DoS) en un dispositivo afectado. Esta vulnerabilidad se debe a un desbordamiento de enteros durante el procesamiento del tráfico Modbus. Un atacante podría aprovechar esta vulnerabilidad enviando tráfico Modbus manipulado a través de un dispositivo afectado. Una explotación exitosa podría permitir que el atacante provoque que el proceso Snort se bloquee, lo que provocaría que se detenga la inspección del tráfico. Cisco ha publicado actualizaciones de software que solucionan esta vulnerabilidad. No existen workarounds que solucionen esta vulnerabilidad.",HIGH,
CVE-2022-20814,2024-11-15 16:15:22.670,cisco,telepresence_video_communication_server,"Una vulnerabilidad en la validación de certificados de Cisco Expressway-C y Cisco TelePresence VCS podría permitir que un atacante remoto no autenticado obtenga acceso no autorizado a datos confidenciales. La vulnerabilidad se debe a la falta de validación del certificado de servidor SSL que recibe un dispositivo afectado cuando establece una conexión con un dispositivo Cisco Unified Communications Manager. Un atacante podría aprovechar esta vulnerabilidad utilizando una técnica de intermediario para interceptar el tráfico entre los dispositivos y, a continuación, utilizando un certificado autofirmado para hacerse pasar por el punto final. Una explotación exitosa podría permitir al atacante ver el tráfico interceptado en texto plano o alterar el contenido del tráfico. Nota: Cisco Expressway-E no se ve afectado por esta vulnerabilidad. Cisco ha publicado actualizaciones de software que solucionan esta vulnerabilidad. No existen workarounds que solucionen esta vulnerabilidad. ",HIGH,
CVE-2024-20484,2024-11-06 17:15:15.580,cisco,enterprise_chat_and_email,"Una vulnerabilidad en la función External Agent Assignment Service (EAAS) de Cisco Enterprise Chat and Email (ECE) podría permitir que un atacante remoto no autenticado provoque una condición de denegación de servicio (DoS) en un dispositivo afectado. Esta vulnerabilidad se debe a una validación insuficiente del tráfico de Media Routing Peripheral Interface Manager (MR PIM) que recibe un dispositivo afectado. Un atacante podría aprovechar esta vulnerabilidad enviando tráfico MR PIM manipulado a un dispositivo afectado. Una explotación exitosa podría permitir que el atacante provoque una falla en la conexión MR PIM entre Cisco ECE y Cisco Unified Contact Center Enterprise (CCE), lo que provocaría una condición de DoS en EAAS que evitaría que los clientes inicien sesiones de chat, devolución de llamadas o devolución de llamadas retrasadas. Nota: Cuando el tráfico del ataque se detiene, el proceso EAAS debe reiniciarse manualmente para restablecer el funcionamiento normal. Para reiniciar el proceso en la consola del sistema, seleccione Recursos compartidos &gt; Servicios &gt; Unified CCE &gt; EAAS y, a continuación, haga clic en Iniciar.",HIGH,
CVE-2023-50176,2024-11-12 19:15:07.360,fortinet,fortios,Una fijación de sesión en Fortinet FortiOS versión 7.4.0 a 7.4.3 y 7.2.0 a 7.2.7 y 7.0.0 a 7.0.13 permite a un atacante ejecutar código o comandos no autorizados a través de un enlace de autenticación SAML de phishing.,HIGH,
CVE-2020-26074,2024-11-18 16:15:06.170,cisco,catalyst_sd-wan_manager,"Una vulnerabilidad en las funciones de transferencia de archivos del sistema de Cisco SD-WAN vManage Software podría permitir que un atacante local autenticado obtenga privilegios elevados en el sistema operativo subyacente. La vulnerabilidad se debe a una validación incorrecta de la entrada de ruta a las funciones de transferencia de archivos del sistema. Un atacante podría aprovechar esta vulnerabilidad enviando solicitudes que contengan variables de ruta especialmente diseñadas al sistema vulnerable. Una explotación exitosa podría permitir al atacante sobrescribir archivos arbitrarios, lo que le permitiría modificar el sistema de tal manera que podría permitirle obtener privilegios elevados. Cisco ha publicado actualizaciones de software que solucionan esta vulnerabilidad. No existen workarounds que solucionen esta vulnerabilidad.",HIGH,
CVE-2020-26073,2024-11-18 16:15:05.947,cisco,catalyst_sd-wan_manager,"Una vulnerabilidad en los puntos finales de datos de la aplicación de Cisco SD-WAN vManage Software podría permitir que un atacante remoto no autenticado obtenga acceso a información confidencial. La vulnerabilidad se debe a una validación incorrecta de las secuencias de caracteres de directory traversal dentro de las solicitudes a las interfaces programáticas de aplicaciones (API). Un atacante podría aprovechar esta vulnerabilidad enviando solicitudes maliciosas a una API dentro de la aplicación afectada. Una explotación exitosa podría permitir al atacante realizar ataques de directory traversal y obtener acceso a información confidencial, incluidas las credenciales o los tokens de usuario. Cisco ha publicado actualizaciones de software que solucionan esta vulnerabilidad. No existen workarounds que solucionen esta vulnerabilidad.",HIGH,
CVE-2024-50567,2025-02-11 17:15:22.980,fortinet,fortiweb,Una neutralización incorrecta de elementos especiales utilizados en un comando del sistema operativo ('inyección de comando del sistema operativo') en Fortinet FortiWeb 7.4.0 a 7.6.0 permite a un atacante ejecutar código o comandos no autorizados a través de una entrada manipulada específicamente.,HIGH,
CVE-2020-27124,2024-11-18 16:15:06.397,cisco,adaptive_security_appliance_software,"Una vulnerabilidad en el controlador SSL/TLS del software Cisco Adaptive Security Appliance (ASA) podría permitir que un atacante remoto no autenticado haga que el dispositivo afectado se recargue inesperadamente, lo que genera una condición de denegación de servicio (DoS). La vulnerabilidad se debe a un manejo inadecuado de errores en conexiones SSL/TLS establecidas. Un atacante podría aprovechar esta vulnerabilidad estableciendo una conexión SSL/TLS con el dispositivo afectado y luego enviando un mensaje SSL/TLS malicioso dentro de esa conexión. Una explotación exitosa podría permitir que el atacante haga que el dispositivo se recargue. Cisco ha publicado actualizaciones de software que solucionan esta vulnerabilidad. No existen workarounds que solucionen esta vulnerabilidad.",HIGH,
CVE-2025-20165,2025-01-22 17:15:13.010,cisco,broadworks_network_server,"Una vulnerabilidad en el subsistema de procesamiento SIP de Cisco BroadWorks podría permitir que un atacante remoto no autenticado detenga el procesamiento de solicitudes SIP entrantes, lo que da como resultado una condición de denegación de servicio (DoS). Esta vulnerabilidad se debe a una gestión inadecuada de la memoria para ciertas solicitudes SIP. Un atacante podría aprovechar esta vulnerabilidad enviando una gran cantidad de solicitudes SIP a un sistema afectado. Una explotación exitosa podría permitir que el atacante agote la memoria asignada a los servidores de red Cisco BroadWorks que manejan el tráfico SIP. Si no hay memoria disponible, los servidores de red ya no pueden procesar solicitudes entrantes, lo que da como resultado una condición de DoS que requiere intervención manual para recuperarse.",HIGH,
CVE-2025-20169,2025-02-05 17:15:22.777,cisco,ios,"Una vulnerabilidad en el subsistema SNMP de Cisco IOS Software y Cisco IOS XE Software podría permitir que un atacante remoto autenticado provoque una condición de denegación de servicio (DoS) en un dispositivo afectado. Esta vulnerabilidad se debe a una gestión inadecuada de errores al analizar las solicitudes SNMP. Un atacante podría aprovechar esta vulnerabilidad enviando una solicitud SNMP manipulada a un dispositivo afectado. Una explotación exitosa podría permitir que el atacante haga que el dispositivo se recargue inesperadamente, lo que da como resultado una condición de denegación de servicio (DoS). Esta vulnerabilidad afecta a las versiones 1, 2c y 3 de SNMP. Para aprovechar esta vulnerabilidad a través de SNMP v2c o anterior, el atacante debe conocer una cadena de comunidad SNMP válida de lectura y escritura o de solo lectura para el sistema afectado. Para aprovechar esta vulnerabilidad a través de SNMP v3, el atacante debe tener credenciales de usuario SNMP válidas para el sistema afectado. ",HIGH,
CVE-2025-20170,2025-02-05 17:15:23.283,cisco,ios,"Una vulnerabilidad en el subsistema SNMP de Cisco IOS Software y Cisco IOS XE Software podría permitir que un atacante remoto autenticado provoque una condición de denegación de servicio (DoS) en un dispositivo afectado. Esta vulnerabilidad se debe a una gestión inadecuada de errores al analizar las solicitudes SNMP. Un atacante podría aprovechar esta vulnerabilidad enviando una solicitud SNMP manipulada a un dispositivo afectado. Una explotación exitosa podría permitir que el atacante haga que el dispositivo se recargue inesperadamente, lo que da como resultado una condición de denegación de servicio (DoS). Esta vulnerabilidad afecta a las versiones 1, 2c y 3 de SNMP. Para aprovechar esta vulnerabilidad a través de SNMP v2c o anterior, el atacante debe conocer una cadena de comunidad SNMP válida de lectura y escritura o de solo lectura para el sistema afectado. Para aprovechar esta vulnerabilidad a través de SNMP v3, el atacante debe tener credenciales de usuario SNMP válidas para el sistema afectado.",HIGH,
CVE-2025-20171,2025-02-05 17:15:23.753,cisco,ios,"Una vulnerabilidad en el subsistema SNMP de Cisco IOS Software y Cisco IOS XE Software podría permitir que un atacante remoto autenticado provoque una condición de denegación de servicio (DoS) en un dispositivo afectado. Esta vulnerabilidad se debe a una gestión inadecuada de errores al analizar las solicitudes SNMP. Un atacante podría aprovechar esta vulnerabilidad enviando una solicitud SNMP manipulada a un dispositivo afectado. Una explotación exitosa podría permitir que el atacante haga que el dispositivo se recargue inesperadamente, lo que da como resultado una condición de denegación de servicio (DoS). Esta vulnerabilidad afecta a las versiones 1, 2c y 3 de SNMP. Para aprovechar esta vulnerabilidad a través de SNMP v2c o anterior, el atacante debe conocer una cadena de comunidad SNMP válida de lectura y escritura o de solo lectura para el sistema afectado. Para aprovechar esta vulnerabilidad a través de SNMP v3, el atacante debe tener credenciales de usuario SNMP válidas para el sistema afectado.",HIGH,
CVE-2025-20172,2025-02-05 17:15:24.020,cisco,ios,"Una vulnerabilidad en el subsistema SNMP de Cisco IOS Software, Cisco IOS XE Software y Cisco IOS XR Software podría permitir que un atacante remoto autenticado provoque una condición de denegación de servicio (DoS) en un dispositivo afectado. Esta vulnerabilidad se debe a una gestión inadecuada de errores al analizar solicitudes SNMP. Un atacante podría aprovechar esta vulnerabilidad enviando una solicitud SNMP manipulada a un dispositivo afectado. En el caso de Cisco IOS e IOS XE Software, una explotación exitosa podría permitir que el atacante haga que el dispositivo se recargue inesperadamente, lo que genera una condición de denegación de servicio (DoS). En el caso de Cisco IOS XR Software, una explotación exitosa podría permitir que el atacante haga que el proceso SNMP se reinicie, lo que genera una respuesta SNMP interrumpida de un dispositivo afectado. Los dispositivos que ejecutan Cisco IOS XR Software no se recargarán. Esta vulnerabilidad afecta a las versiones 1, 2c y 3 de SNMP. Para aprovechar esta vulnerabilidad a través de SNMP v2c o anterior, el atacante debe conocer una cadena de comunidad SNMP válida de lectura y escritura o de solo lectura para el sistema afectado. Para explotar esta vulnerabilidad a través de SNMP v3, el atacante debe tener credenciales de usuario SNMP válidas para el sistema afectado.",HIGH,
CVE-2025-20173,2025-02-05 17:15:24.263,cisco,ios,"Una vulnerabilidad en el subsistema SNMP de Cisco IOS Software y Cisco IOS XE Software podría permitir que un atacante remoto autenticado provoque una condición de denegación de servicio (DoS) en un dispositivo afectado. Esta vulnerabilidad se debe a una gestión inadecuada de errores al analizar las solicitudes SNMP. Un atacante podría aprovechar esta vulnerabilidad enviando una solicitud SNMP manipulada a un dispositivo afectado. Una explotación exitosa podría permitir que el atacante haga que el dispositivo se recargue inesperadamente, lo que da como resultado una condición de denegación de servicio (DoS). Esta vulnerabilidad afecta a las versiones 1, 2c y 3 de SNMP. Para aprovechar esta vulnerabilidad a través de SNMP v2c o anterior, el atacante debe conocer una cadena de comunidad SNMP válida de lectura y escritura o de solo lectura para el sistema afectado. Para aprovechar esta vulnerabilidad a través de SNMP v3, el atacante debe tener credenciales de usuario SNMP válidas para el sistema afectado.",HIGH,
CVE-2025-20174,2025-02-05 17:15:24.513,cisco,ios,"Una vulnerabilidad en el subsistema SNMP de Cisco IOS Software y Cisco IOS XE Software podría permitir que un atacante remoto autenticado provoque una condición de denegación de servicio (DoS) en un dispositivo afectado. Esta vulnerabilidad se debe a una gestión inadecuada de errores al analizar las solicitudes SNMP. Un atacante podría aprovechar esta vulnerabilidad enviando una solicitud SNMP manipulada a un dispositivo afectado. Una explotación exitosa podría permitir que el atacante haga que el dispositivo se recargue inesperadamente, lo que da como resultado una condición de denegación de servicio (DoS). Esta vulnerabilidad afecta a las versiones 1, 2c y 3 de SNMP. Para aprovechar esta vulnerabilidad a través de SNMP v2c o anterior, el atacante debe conocer una cadena de comunidad SNMP válida de lectura y escritura o de solo lectura para el sistema afectado. Para aprovechar esta vulnerabilidad a través de SNMP v3, el atacante debe tener credenciales de usuario SNMP válidas para el sistema afectado.",HIGH,
CVE-2025-20175,2025-02-05 17:15:24.720,cisco,ios,"Una vulnerabilidad en el subsistema SNMP de Cisco IOS Software y Cisco IOS XE Software podría permitir que un atacante remoto autenticado provoque una condición de denegación de servicio (DoS) en un dispositivo afectado. Esta vulnerabilidad se debe a una gestión inadecuada de errores al analizar las solicitudes SNMP. Un atacante podría aprovechar esta vulnerabilidad enviando una solicitud SNMP manipulada a un dispositivo afectado. Una explotación exitosa podría permitir que el atacante haga que el dispositivo se recargue inesperadamente, lo que da como resultado una condición de denegación de servicio (DoS). Esta vulnerabilidad afecta a las versiones 1, 2c y 3 de SNMP. Para aprovechar esta vulnerabilidad a través de SNMP v2c o anterior, el atacante debe conocer una cadena de comunidad SNMP válida de lectura y escritura o de solo lectura para el sistema afectado. Para aprovechar esta vulnerabilidad a través de SNMP v3, el atacante debe tener credenciales de usuario SNMP válidas para el sistema afectado.",HIGH,
CVE-2020-26071,2024-11-18 16:15:05.710,cisco,catalyst_sd-wan_manager,"Una vulnerabilidad en la CLI del software Cisco SD-WAN podría permitir que un atacante local autenticado cree o sobrescriba archivos arbitrarios en un dispositivo afectado, lo que podría generar una condición de denegación de servicio (DoS). La vulnerabilidad se debe a una validación de entrada insuficiente para comandos específicos. Un atacante podría aprovechar esta vulnerabilidad al incluir argumentos manipulados para esos comandos específicos. Una explotación exitosa podría permitir que el atacante cree o sobrescriba archivos arbitrarios en el dispositivo afectado, lo que podría generar una condición de denegación de servicio (DoS). Cisco ha publicado actualizaciones de software que solucionan esta vulnerabilidad. No existen workarounds que solucionen esta vulnerabilidad.",HIGH,
CVE-2024-40591,2025-02-11 17:15:22.810,fortinet,fortios,"Una vulnerabilidad de asignación incorrecta de privilegios [CWE-266] en Fortinet FortiOS versión 7.6.0, 7.4.0 a 7.4.4, 7.2.0 a 7.2.9 y anteriores a 7.0.15 permite que un administrador autenticado cuyo perfil de acceso tiene el permiso Security Fabric escale sus privilegios a superadministrador conectando el FortiGate objetivo a un FortiGate ascendente malicioso que controlan.",HIGH,
CVE-2024-50563,2025-01-16 10:15:09.480,fortinet,fortianalyzer,"Una autenticación débil en Fortinet FortiManager Cloud, FortiAnalyzer versiones 7.6.0 a 7.6.1, 7.4.1 a 7.4.3, FortiAnalyzer Cloud versiones 7.4.1 a 7.4.3, FortiManager versiones 7.6.0 a 7.6.1, 7.4.1 a 7.4.3, FortiManager Cloud versiones 7.4.1 a 7.4.3 permite a un atacante ejecutar código o comandos no autorizados a través de un ataque de fuerza bruta.",HIGH,
CVE-2024-35279,2025-02-11 17:15:22.253,fortinet,fortios,"Una vulnerabilidad de desbordamiento de búfer basada en pila [CWE-121] en Fortinet FortiOS versión 7.2.4 a 7.2.8 y versión 7.4.0 a 7.4.4 permite a un atacante remoto no autenticado ejecutar código o comandos arbitrarios a través de paquetes UDP manipulados mediante el control CAPWAP, siempre que el atacante haya podido evadir las protecciones de la pila de FortiOS y siempre que el servicio de estructura se esté ejecutando en la interfaz expuesta.",HIGH,
CVE-2024-23666,2024-11-12 19:15:07.970,fortinet,fortianalyzer,"Una aplicación del lado del cliente de la seguridad del lado del servidor en Fortinet FortiAnalyzer-BigData al menos en las versiones 7.4.0 y 7.2.0 a 7.2.6 y 7.0.1 a 7.0.6 y 6.4.5 a 6.4.7 y 6.2.5, FortiManager versión 7.4.0 a 7.4.1 y 7.2.0 a 7.2.4 y 7.0.0 a 7.0.11 y 6.4.0 a 6.4.14, FortiAnalyzer versión 7.4.0 a 7.4.1 y 7.2.0 a 7.2.4 y 7.0.0 a 7.0.11 y 6.4.0 a 6.4.14 permite a un atacante realizar un control de acceso indebido a través de solicitudes manipuladas.",HIGH,
CVE-2024-36507,2024-11-12 19:15:10.233,fortinet,forticlient,"Una ruta de búsqueda no confiable en Fortinet FortiClientWindows versiones 7.4.0, versiones 7.2.4 a 7.2.0, versiones 7.0.12 a 7.0.0 permite a un atacante ejecutar código arbitrario a través del secuestro de DLL e ingeniería social.",HIGH,
CVE-2024-36513,2024-11-12 19:15:10.633,fortinet,forticlient,"Una vulnerabilidad de error de cambio de contexto de privilegios [CWE-270] en FortiClient Windows versión 7.2.4 y anteriores, versión 7.0.12 y anteriores, 6.4 todas las versiones puede permitir que un usuario autenticado aumente sus privilegios a través de scripts de parcheo automático de lua.",HIGH,
CVE-2024-40592,2024-11-12 19:15:11.013,fortinet,forticlient,"Una verificación incorrecta de la vulnerabilidad de la firma criptográfica [CWE-347] en FortiClient MacOS versión 7.4.0, versión 7.2.4 y anteriores, versión 7.0.10 y anteriores, versión 6.4.10 y anteriores puede permitir que un atacante autenticado local intercambie el instalador con un paquete malicioso a través de una condición de ejecución durante el proceso de instalación.",HIGH,
CVE-2024-47574,2024-11-13 12:15:16.313,fortinet,forticlient,"Una omisión de autenticación que utiliza una ruta o canal alternativo en Fortinet FortiClientWindows versión 7.4.0, versiones 7.2.4 a 7.2.0, versiones 7.0.12 a 7.0.0 y 6.4.10 a 6.4.0 permite a un atacante con pocos privilegios ejecutar código arbitrario con altos privilegios a través de mensajes de canalización con nombre falsificados.",HIGH,
CVE-2024-48889,2024-12-18 13:15:06.463,fortinet,fortimanager,"Una vulnerabilidad de neutralización inadecuada de elementos especiales utilizados en un comando del sistema operativo ('inyección de comando del sistema operativo') [CWE-78] en FortiManager versión 7.6.0, versión 7.4.4 y anteriores, versión 7.2.7 y anteriores, versión 7.0.12 y anteriores, versión 6.4.14 y anteriores y FortiManager Cloud versión 7.4.4 y anteriores, versión 7.2.7 a 7.2.1, versión 7.0.12 a 7.0.1 puede permitir que un atacante remoto autenticado ejecute código no autorizado a través de solicitudes manipuladas por FGFM.",HIGH,
CVE-2021-26093,2024-12-19 08:15:14.717,fortinet,fortiwlc,"Una vulnerabilidad de acceso a un puntero no inicializado (CWE-824) en FortiWLC versiones 8.6.0, 8.5.3 y anteriores puede permitir que un atacante local y autenticado bloquee el punto de acceso administrado por el controlador mediante la ejecución de un comando CLI manipulado específicamente.",HIGH,
CVE-2020-15934,2024-12-19 11:15:06.930,fortinet,forticlient,"Una vulnerabilidad de ejecución con privilegios innecesarios en el motor VCM de FortiClient para Linux versiones 6.2.7 y anteriores, versión 6.4.0, puede permitir que usuarios locales eleven sus privilegios a superusuario mediante la creación de un script o programa malicioso en la máquina de destino.",HIGH,
CVE-2021-26115,2024-12-19 11:15:07.103,fortinet,fortiwan,"Una vulnerabilidad de inyección de comando del sistema operativo (CWE-78) en la interfaz de línea de comandos de FortiWAN versión 4.5.7 y anteriores puede permitir que un atacante local, autenticado y sin privilegios escale sus privilegios a superusuario mediante la ejecución de un comando especialmente manipulado.Una vulnerabilidad de inyección de comando del sistema operativo (CWE-78) en la interfaz de línea de comandos de FortiWAN puede permitir que un atacante local, autenticado y sin privilegios escale sus privilegios a superusuario mediante la ejecución de un comando especialmente manipulado.",HIGH,
CVE-2021-32589,2024-12-19 13:15:05.707,fortinet,fortianalyzer,"Una vulnerabilidad de Use After Free (CWE-416) en FortiManager versión 7.0.0, versión 6.4.5 y anteriores, versión 6.2.7 y anteriores, versión 6.0.10 y anteriores, versión 5.6.10 y anteriores, versión 5.4.7 y anteriores, versión 5.2.10 y anteriores, versión 5.0.12 y anteriores y FortiAnalyzer versión 7.0.0, versión 6.4.5 y anteriores, versión 6.2.7 y anteriores, versión 6.0.10 y anteriores, versión 5.6.10 y anteriores, versión 5.4.7 y anteriores, versión 5.3.11, versión 5.2.10 a 5.2.4 del daemon fgfmsd puede permitir que un atacante remoto no autenticado ejecute código no autorizado como superusuario mediante el envío de una solicitud específicamente manipulada al puerto fgfm del dispositivo de destino.",HIGH,
CVE-2023-37931,2025-01-14 14:15:26.623,fortinet,fortivoice,Una vulnerabilidad de neutralización incorrecta de elementos especiales utilizados en un comando SQL ('inyección SQL') [CWE-88] en FortiVoice Entreprise versión 7.0.0 a 7.0.1 y anteriores a 6.4.8 permite que un atacante autenticado realice un ataque de inyección Blind SQL mediante el envío de solicitudes HTTP o HTTPS manipulado,HIGH,
CVE-2023-37937,2025-01-14 14:15:26.940,fortinet,fortiswitch,Una neutralización incorrecta de elementos especiales utilizados en un comando del sistema operativo ('inyección de comando del sistema operativo') en Fortinet FortiSwitch versión 7.4.0 y 7.2.0 a 7.2.5 y 7.0.0 a 7.0.7 y 6.4.0 a 6.4.13 y 6.2.0 a 6.2.7 y 6.0.0 a 6.0.7 permite a un atacante ejecutar código o comandos no autorizados a través de la CLI de FortiSwitch.,HIGH,
CVE-2024-40584,2025-02-11 17:15:22.540,fortinet,fortimanager_cloud,"Vulnerabilidad de neutralización indebida de elementos especiales utilizados en un comando del SO ('Inyección de comando del SO') [CWE-78] en Fortinet FortiAnalyzer versión 7.4.0 a 7.4.3, 7.2.0 a 7.2.5, 7.0.0 a 7.0.13, 6.4.0 a 6.4.15 y 6.2.2 a 6.2.13, Fortinet FortiManager versión 7.4.0 a 7.4.3, 7.2.0 a 7.2.5, 7.0.0 a 7.0.13, 6.4.0 a 6.4.15 y 6.2.2 a 6.2.13, Fortinet FortiAnalyzer BigData versión 7.4.0, 7.2.0 a 7.2.7, 7.0.1 a 7.0.6, La GUI permite que un atacante privilegiado autenticado ejecute código o comandos no autorizados a través de solicitudes HTTPS o HTTPS manipuladas.",HIGH,
CVE-2024-23106,2025-01-14 14:15:28.747,fortinet,forticlientems,Una restricción incorrecta de intentos de autenticación excesivos [CWE-307] en FortiClientEMS versión 7.2.0 a 7.2.4 y anteriores a 7.0.10 permite que un atacante no autenticado intente un ataque de fuerza bruta contra la consola FortiClientEMS a través de solicitudes HTTP o HTTPS manipuladas.,HIGH,
CVE-2024-35273,2025-01-14 14:15:29.663,fortinet,fortianalyzer,Una escritura fuera de los límites en Fortinet FortiManager versión 7.4.0 a 7.4.2 y FortiAnalyzer versión 7.4.0 a 7.4.2 permite a un atacante escalar privilegios a través de solicitudes http especialmente manipuladas.,HIGH,
CVE-2024-35277,2025-01-14 14:15:30.130,fortinet,fortimanager,"La falta de autenticación para una función crítica en Fortinet FortiPortal versión 6.0.0 a 6.0.15, FortiManager versión 7.4.0 a 7.4.2, 7.2.0 a 7.2.5, 7.0.0 a 7.0.12, 6.4.0 a 6.4.14 permite a un atacante acceder a la configuración de los dispositivos administrados mediante el envío específico de paquetes manipulados.",HIGH,
CVE-2024-36512,2025-01-14 14:15:30.880,fortinet,fortianalyzer,"Una limitación incorrecta de una ruta de acceso a un directorio restringido ('Path Traversal') en Fortinet FortiManager, FortiAnalyzer 7.4.0 a 7.4.3 y 7.2.0 a 7.2.5 y 7.0.2 a 7.0.12 y 6.2.10 a 6.2.13 permite a un atacante ejecutar código o comandos no autorizados a través de solicitudes HTTP o HTTPS manipuladas.",HIGH,
CVE-2024-46667,2025-01-14 14:15:31.797,fortinet,fortisiem,"Una asignación de recursos sin límites ni limitación en Fortinet FortiSIEM 5.3 todas las versiones, 5.4 todas las versiones, 6.x todas las versiones, 7.0 todas las versiones y 7.1.0 a 7.1.5 puede permitir que un atacante deniegue tráfico TLS válido mediante el consumo de todas las conexiones asignadas.",HIGH,
CVE-2024-46668,2025-01-14 14:15:31.950,fortinet,fortios,"Una vulnerabilidad de asignación de recursos sin límites o limitación [CWE-770] en las versiones 7.4.0 a 7.4.4, 7.2.0 a 7.2.8, 7.0.0 a 7.0.15 y 6.4.0 a 6.4.15 de FortiOS puede permitir que un usuario remoto no autenticado consuma toda la memoria sistema a través de múltiples cargas de archivos grandes.",HIGH,
CVE-2024-46670,2025-01-14 14:15:32.243,fortinet,fortios,"Una vulnerabilidad de lectura fuera de los límites [CWE-125] en FortiOS versión 7.6.0, versión 7.4.4 y anteriores, versión 7.2.9 y anteriores y el servicio IKE IPsec de la versión 24.3.b del inquilino FortiSASE FortiOS puede permitir que un atacante remoto no autenticado active el consumo de memoria, lo que lleva a una denegación de servicio a través de solicitudes manipuladas.",HIGH,
CVE-2024-47571,2025-01-14 14:15:32.560,fortinet,fortimanager,Una operación en un recurso después de su vencimiento o liberación en Fortinet FortiManager 6.4.12 a 7.4.0 permite a un atacante obtener acceso indebido a FortiGate a través de credenciales válidas.,HIGH,
CVE-2024-48884,2025-01-14 14:15:32.873,fortinet,fortimanager,"Una limitación incorrecta de una ruta de acceso a un directorio restringido ('Path Traversal') en Fortinet FortiManager versiones 7.6.0 a 7.6.1, 7.4.1 a 7.4.3, FortiOS versiones 7.6.0, 7.4.0 a 7.4.4, 7.2.5 a 7.2.9, 7.0.0 a 7.0.15, 6.4.0 a 6.4.15, FortiProxy 7.4.0 a 7.4.5, 7.2.0 a 7.2.11, 7.0.0 a 7.0.18, 2.0.0 a 2.0.14, 1.2.0 a 1.2.13, 1.1.0 a 1.1.6, 1.0.0 a 1.0.7, FortiManager Cloud versiones 7.4.1 hasta 7.4.3, FortiRecorder versiones 7.2.0 hasta 7.2.1, 7.0.0 hasta 7.0.4, FortiVoice versiones 7.0.0 hasta 7.0.4, 6.4.0 hasta 6.4.9, 6.0.0 hasta 6.0.12, FortiWeb 7.6.0, 7.4.0 hasta 7.4.4, 7.2.0 hasta 7.2.10, 7.0.0 hasta 7.0.10, 6.4.0 hasta 6.4.3 permite al atacante activar una escalada de privilegios a través de paquetes especialmente manipulados.",HIGH,
CVE-2024-50566,2025-01-14 14:15:33.650,fortinet,fortimanager,"Una neutralización incorrecta de elementos especiales utilizados en un comando del sistema operativo ('inyección de comando del sistema operativo') en Fortinet FortiManager versiones 7.6.0 a 7.6.1, versiones 7.4.5 a 7.4.0 y versiones 7.2.1 a 7.2.8, FortiManager Cloud versiones 7.6.0 a 7.6.1, versiones 7.4.0 a 7.4.4 y versiones 7.2.2 a 7.2.7 puede permitir que un atacante remoto autenticado ejecute código no autorizado a través de solicitudes FGFM manipuladas.",HIGH,
CVE-2024-45331,2025-01-16 09:15:06.500,fortinet,fortianalyzer,"Una asignación de privilegios incorrecta en las versiones 7.4.0 a 7.4.3, 7.2.0 a 7.2.5, 7.0.0 a 7.0.13, 6.4.0 a 6.4.15 de Fortinet FortiAnalyzer, las versiones 7.4.0 a 7.4.2, 7.2.0 a 7.2.5, 7.0.0 a 7.0.13, 6.4.0 a 6.4.15 de FortiManager, las versiones 7.4.1 a 7.4.2, 7.2.1 a 7.2.6, 7.0.1 a 7.0.13, 6.4.1 a 6.4.7 de FortiAnalyzer Cloud permite a un atacante escalar privilegios a través de comandos de shell específicos",HIGH,
CVE-2025-20176,2025-02-05 17:15:24.997,cisco,ios,"Una vulnerabilidad en el subsistema SNMP de Cisco IOS Software y Cisco IOS XE Software podría permitir que un atacante remoto autenticado provoque una condición de denegación de servicio (DoS) en un dispositivo afectado. Esta vulnerabilidad se debe a una gestión inadecuada de errores al analizar las solicitudes SNMP. Un atacante podría aprovechar esta vulnerabilidad enviando una solicitud SNMP manipulada a un dispositivo afectado. Una explotación exitosa podría permitir que el atacante haga que el dispositivo se recargue inesperadamente, lo que da como resultado una condición de denegación de servicio (DoS). Esta vulnerabilidad afecta a las versiones 1, 2c y 3 de SNMP. Para aprovechar esta vulnerabilidad a través de SNMP v2c o anterior, el atacante debe conocer una cadena de comunidad SNMP válida de lectura y escritura o de solo lectura para el sistema afectado. Para aprovechar esta vulnerabilidad a través de SNMP v3, el atacante debe tener credenciales de usuario SNMP válidas para el sistema afectado.",HIGH,
CVE-2024-27781,2025-02-11 17:15:21.980,fortinet,fortisandbox,"Una neutralización incorrecta de la entrada durante la generación de páginas web (""cross-site scripting"") en Fortinet FortiSandbox al menos en las versiones 4.4.0 a 4.4.4 y 4.2.0 a 4.2.6 y 4.0.0 a 4.0.4 y 3.2.0 a 3.2.4 y 3.1.0 a 3.1.5 y 3.0.0 a 3.0.7 permite que un atacante autenticado ejecute código o comandos no autorizados a través de solicitudes HTTP manipuladas.",HIGH,
CVE-2024-27778,2025-01-14 14:15:29.053,fortinet,fortisandbox,"Una neutralización incorrecta de elementos especiales utilizados en una vulnerabilidad de comando del sistema operativo [CWE-78] en Fortinet FortiSandbox versión 4.4.0 a 4.4.4, 4.2.0 a 4.2.6 y anteriores a 4.0.4 permite que un atacante autenticado con al menos permiso de solo lectura ejecute comandos no autorizados a través de solicitudes manipuladas.",HIGH,
CVE-2025-27091,2025-02-20 18:15:26.850,cisco,openh264,"OpenH264 es una librería de códecs con licencia libre que admite la codificación y decodificación H.264. Una vulnerabilidad en las funciones de decodificación de la librería de códecs OpenH264 podría permitir que un atacante remoto no autenticado provoque un desbordamiento de pila. Esta vulnerabilidad se debe a una condición de ejecución entre una asignación de memoria de conjunto de parámetros de secuencia (SPS) y un uso posterior de memoria de la unidad de capa de abstracción de red (NAL) que no sea de actualización instantánea del decodificador (no IDR). Un atacante podría aprovechar esta vulnerabilidad manipulando un flujo de bits malicioso y engañando al usuario víctima para que procese un vídeo arbitrario que contenga el flujo de bits malicioso. Un exploit podría permitir al atacante provocar un bloqueo inesperado en el cliente de decodificación del usuario de la víctima y, posiblemente, ejecutar comandos arbitrarios en el host de la víctima abusando del desbordamiento de pila. Esta vulnerabilidad afecta a OpenH264 2.5.0 y versiones anteriores. Tanto el modo de codificación de vídeo escalable (SVC) como el modo de codificación de vídeo avanzada (AVC) se ven afectados por esta vulnerabilidad. Las versiones 2.6.0 y posteriores del software OpenH264 contenían la corrección para esta vulnerabilidad. Se recomienda a los usuarios que actualicen. No existen workarounds para esta vulnerabilidad. ### Para obtener más información Si tiene alguna pregunta o comentario sobre este aviso: * [Abra un problema en cisco/openh264](https://github.com/cisco/openh264/issues) * Envíe un correo electrónico a Cisco Open Source Security ([oss-security@cisco.com](mailto:oss-security@cisco.com)) y Cisco PSIRT ([psirt@cisco.com](mailto:psirt@cisco.com)) ### Créditos: * **Investigación:** Octavian Guzu y Andrew Calvano de Meta * **Idea de la corrección:** Philipp Hancke y Shyam Sadhwani de Meta * **Implementación de la corrección:** Benzheng Zhang (@BenzhengZhang) * **Ingeniería de la versión:** Benzheng Zhang (@BenzhengZhang)",HIGH,HIGH
id,Fecha de creación,Marca,Modelo,Descripción,CVSS_31,CVSS_4
CVE-2024-20432,2024-10-02 17:15:15.550,cisco,nexus_dashboard_fabric_controller,Una vulnerabilidad en la API REST y la interfaz de usuario web de Cisco Nexus Dashboard Fabric Controller (NDFC) podría permitir que un atacante remoto autenticado y con pocos privilegios realice un ataque de inyección de comandos contra un dispositivo afectado. Esta vulnerabilidad se debe a una autorización de usuario incorrecta y una validación insuficiente de los argumentos de los comandos. Un atacante podría aprovechar esta vulnerabilidad enviando comandos manipulados a un endpoint de la API REST afectada o a través de la interfaz de usuario web. Una explotación exitosa podría permitir que el atacante ejecute comandos arbitrarios en la CLI de un dispositivo administrado por Cisco NDFC con privilegios de administrador de red. Nota: Esta vulnerabilidad no afecta a Cisco NDFC cuando está configurado para la implementación del controlador de red de área de almacenamiento (SAN).,CRITICAL,
CVE-2024-20424,2024-10-23 18:15:09.930,cisco,secure_firewall_management_center,"Una vulnerabilidad en la interfaz de administración basada en web del software Cisco Secure Firewall Management Center (FMC), anteriormente Firepower Management Center Software, podría permitir que un atacante remoto autenticado ejecute comandos arbitrarios en el sistema operativo subyacente como superusuario. Esta vulnerabilidad se debe a una validación de entrada insuficiente de ciertas solicitudes HTTP. Un atacante podría aprovechar esta vulnerabilidad autenticándose en la interfaz de administración basada en web de un dispositivo afectado y luego enviando una solicitud HTTP manipulada al dispositivo. Una explotación exitosa podría permitir al atacante ejecutar comandos arbitrarios con permisos superusuario en el sistema operativo subyacente del dispositivo Cisco FMC o ejecutar comandos en dispositivos Cisco Firepower Threat Defense (FTD) administrados. Para aprovechar esta vulnerabilidad, el atacante necesitaría credenciales válidas para una cuenta de usuario con al menos el rol de analista de seguridad (solo lectura).",CRITICAL,
CVE-2024-47575,2024-10-23 15:15:30.707,fortinet,fortimanager,"Una autenticación faltante para una función crítica en FortiManager 7.6.0, FortiManager 7.4.0 a 7.4.4, FortiManager 7.2.0 a 7.2.7, FortiManager 7.0.0 a 7.0.12, FortiManager 6.4.0 a 6.4.14, FortiManager 6.2.0 a 6.2.12, Fortinet FortiManager Cloud 7.4.1 a 7.4.4, FortiManager Cloud 7.2.1 a 7.2.7, FortiManager Cloud 7.0.1 a 7.0.13, FortiManager Cloud 6.4.1 a 6.4.7 permite a un atacante ejecutar código o comandos arbitrarios a través de solicitudes especialmente manipuladas.",CRITICAL,
CVE-2023-20036,2024-11-15 16:15:24.950,cisco,industrial_network_director,Una vulnerabilidad en la interfaz web de Cisco IND podría permitir que un atacante remoto autenticado ejecute comandos arbitrarios con privilegios administrativos en el sistema operativo subyacente de un dispositivo afectado. Esta vulnerabilidad se debe a una validación de entrada incorrecta al cargar un Device Pack. Un atacante podría aprovechar esta vulnerabilidad modificando la solicitud que se envía al cargar un Device Pack. Una explotación exitosa podría permitir que el atacante ejecute comandos arbitrarios como NT AUTHORITY\SYSTEM en el sistema operativo subyacente de un dispositivo afectado. Cisco ha publicado actualizaciones de software que solucionan esta vulnerabilidad. No existen workarounds que solucionen esta vulnerabilidad.,CRITICAL,
CVE-2024-20439,2024-09-04 17:15:13.210,cisco,smart_license_utility,Una vulnerabilidad en Cisco Smart Licensing Utility podría permitir que un atacante remoto no autenticado inicie sesión en un sistema afectado mediante una credencial administrativa estática. Esta vulnerabilidad se debe a una credencial de usuario estática no documentada para una cuenta administrativa. Un atacante podría aprovechar esta vulnerabilidad mediante el uso de las credenciales estáticas para iniciar sesión en el sistema afectado. Una explotación exitosa podría permitir que el atacante inicie sesión en el sistema afectado con privilegios administrativos sobre la API de la aplicación Cisco Smart Licensing Utility.,CRITICAL,
CVE-2024-20454,2024-08-07 17:15:50.713,cisco,spa_301_firmware,"Múltiples vulnerabilidades en la interfaz de administración basada en web de los teléfonos IP Cisco Small Business serie SPA300 y los teléfonos IP Cisco Small Business serie SPA500 podrían permitir que un atacante remoto no autenticado ejecute comandos arbitrarios en el sistema operativo subyacente con privilegios de superusuario. Estas vulnerabilidades existen porque los paquetes HTTP entrantes no se verifican adecuadamente en busca de errores, lo que podría provocar un desbordamiento del búfer. Un atacante podría aprovechar esta vulnerabilidad enviando una solicitud HTTP manipulada a un dispositivo afectado. Un exploit exitoso podría permitir al atacante desbordar un búfer interno y ejecutar comandos arbitrarios en el nivel de privilegio superusuario.",CRITICAL,
CVE-2023-20154,2024-11-15 15:15:05.697,cisco,modeling_labs,"Una vulnerabilidad en el mecanismo de autenticación externa de Cisco Modeling Labs podría permitir que un atacante remoto no autenticado acceda a la interfaz web con privilegios administrativos. Esta vulnerabilidad se debe al manejo inadecuado de ciertos mensajes que devuelve el servidor de autenticación externo asociado. Un atacante podría aprovechar esta vulnerabilidad iniciando sesión en la interfaz web de un servidor afectado. En determinadas condiciones, se omitiría el mecanismo de autenticación y el atacante iniciaría sesión como administrador. Una explotación exitosa podría permitir al atacante obtener privilegios administrativos en la interfaz web de un servidor afectado, incluida la capacidad de acceder y modificar todas las simulaciones y todos los datos creados por el usuario. Para aprovechar esta vulnerabilidad, el atacante necesitaría credenciales de usuario válidas que estén almacenadas en el servidor de autenticación externo asociado. Cisco ha publicado actualizaciones de software que solucionan esta vulnerabilidad. Existen workarounds que solucionan esta vulnerabilidad.",CRITICAL,
CVE-2024-20412,2024-10-23 18:15:09.430,cisco,firepower_threat_defense,"Una vulnerabilidad en el software Cisco Firepower Threat Defense (FTD) para Cisco Firepower 1000, 2100, 3100 y 4200 Series podría permitir que un atacante local no autenticado acceda a un sistema afectado utilizando credenciales estáticas. Esta vulnerabilidad se debe a la presencia de cuentas estáticas con contraseñas codificadas en un sistema afectado. Un atacante podría aprovechar esta vulnerabilidad iniciando sesión en la CLI de un dispositivo afectado con estas credenciales. Una explotación exitosa podría permitir al atacante acceder al sistema afectado y recuperar información confidencial, realizar acciones limitadas de resolución de problemas, modificar algunas opciones de configuración o hacer que el dispositivo no pueda iniciarse en el sistema operativo, lo que requiere una nueva imagen del dispositivo.",CRITICAL,
CVE-2024-20329,2024-10-23 17:15:17.457,cisco,adaptive_security_appliance_software,Una vulnerabilidad en el subsistema SSH del software Cisco Adaptive Security Appliance (ASA) podría permitir que un atacante remoto autenticado ejecute comandos del sistema operativo como superusuario. Esta vulnerabilidad se debe a una validación insuficiente de la entrada del usuario. Un atacante podría aprovechar esta vulnerabilidad enviando una entrada manipulada al ejecutar comandos remotos de CLI a través de SSH. Una explotación exitosa podría permitir que el atacante ejecute comandos en el sistema operativo subyacente con privilegios de nivel superusuario. Un atacante con privilegios de usuario limitados podría usar esta vulnerabilidad para obtener control total sobre el sistema.,CRITICAL,
CVE-2024-20450,2024-08-07 17:15:50.283,cisco,spa_301_firmware,"Múltiples vulnerabilidades en la interfaz de administración basada en web de los teléfonos IP Cisco Small Business serie SPA300 y los teléfonos IP Cisco Small Business serie SPA500 podrían permitir que un atacante remoto no autenticado ejecute comandos arbitrarios en el sistema operativo subyacente con privilegios de superusuario. Estas vulnerabilidades existen porque los paquetes HTTP entrantes no se verifican adecuadamente en busca de errores, lo que podría provocar un desbordamiento del búfer. Un atacante podría aprovechar esta vulnerabilidad enviando una solicitud HTTP diseñada a un dispositivo afectado. Un exploit exitoso podría permitir al atacante desbordar un búfer interno y ejecutar comandos arbitrarios en el nivel de privilegio superusuario.",CRITICAL,
CVE-2024-20339,2024-10-23 17:15:18.097,cisco,firepower_threat_defense_software,"Una vulnerabilidad en la función de procesamiento de TLS del software Cisco Firepower Threat Defense (FTD) para la serie Cisco Firepower 2100 podría permitir que un atacante remoto no autenticado provoque una condición de denegación de servicio (DoS) en un dispositivo afectado. Esta vulnerabilidad se debe a un problema que ocurre cuando se procesa el tráfico TLS. Un atacante podría aprovechar esta vulnerabilidad enviando cierto tráfico TLS a través de IPv4 a través de un dispositivo afectado. Una explotación exitosa podría permitir que el atacante haga que el dispositivo se recargue, lo que genera una condición de DoS y afecta el tráfico hacia y a través del dispositivo afectado.",HIGH,
CVE-2024-20330,2024-10-23 17:15:17.663,cisco,firepower_threat_defense,"Una vulnerabilidad en el motor de detección de TCP y UDP Snort 2 y Snort 3 del software Cisco Firepower Threat Defense (FTD) para los dispositivos Cisco Firepower de la serie 2100 podría permitir que un atacante remoto no autenticado provoque daños en la memoria, lo que podría provocar que el motor de detección de Snort se reinicie inesperadamente. Esta vulnerabilidad se debe a una administración de memoria inadecuada cuando el motor de detección de Snort procesa paquetes TCP o UDP específicos. Un atacante podría aprovechar esta vulnerabilidad enviando paquetes TCP o UDP manipulados a través de un dispositivo que esté inspeccionando el tráfico mediante el motor de detección de Snort. Una explotación exitosa podría permitir al atacante reiniciar el motor de detección de Snort repetidamente, lo que podría provocar una condición de denegación de servicio (DoS). La condición de DoS afecta solo al tráfico a través del dispositivo que examina el motor de detección de Snort. El dispositivo aún se puede administrar a través de la red. Nota: Una vez que se daña un bloque de memoria, no se puede borrar hasta que se vuelva a cargar manualmente el dispositivo Cisco Firepower de la serie 2100. Esto significa que el motor de detección de Snort podría fallar repetidamente, provocando que el tráfico procesado por el motor de detección de Snort se descarte hasta que el dispositivo se vuelva a cargar manualmente.",HIGH,
CVE-2024-20458,2024-10-16 17:15:14.423,cisco,ata_191_firmware,Una vulnerabilidad en la interfaz de administración basada en web del firmware del adaptador telefónico analógico Cisco ATA serie 190 podría permitir que un atacante remoto no autenticado vea o elimine la configuración o cambie el firmware en un dispositivo afectado. Esta vulnerabilidad se debe a la falta de autenticación en endpoints HTTP específicos. Un atacante podría aprovechar esta vulnerabilidad navegando a una URL específica. Una explotación exitosa podría permitir al atacante ver o eliminar la configuración o cambiar el firmware.,HIGH,
CVE-2024-20421,2024-10-16 17:15:14.193,cisco,ata_191_firmware,Una vulnerabilidad en la interfaz de administración basada en web del firmware del adaptador telefónico analógico Cisco ATA 190 Series podría permitir que un atacante remoto no autenticado realice un ataque de cross-site request forgery (CSRF) y realice acciones arbitrarias en un dispositivo afectado. Esta vulnerabilidad se debe a que no hay suficientes protecciones CSRF para la interfaz de administración basada en web de un dispositivo afectado. Un atacante podría aprovechar esta vulnerabilidad persuadiendo a un usuario para que siga un enlace creado. Una explotación exitosa podría permitir al atacante realizar acciones arbitrarias en el dispositivo afectado con los privilegios del usuario objetivo.,HIGH,
CVE-2024-20501,2024-10-02 19:15:14.570,cisco,meraki_mx65_firmware,"Varias vulnerabilidades en el servidor VPN de Cisco AnyConnect de los dispositivos Cisco Meraki MX y Cisco Meraki Z Series Teleworker Gateway podrían permitir que un atacante remoto no autenticado provoque una condición de denegación de servicio (DoS) en el servicio AnyConnect de un dispositivo afectado. Estas vulnerabilidades se deben a una validación insuficiente de los parámetros proporcionados por el cliente al establecer una sesión VPN SSL. Un atacante podría aprovechar estas vulnerabilidades enviando una solicitud HTTPS manipulada al servidor VPN de un dispositivo afectado. Una explotación exitosa podría permitir que el atacante haga que el servidor VPN de Cisco AnyConnect se reinicie, lo que provocaría la falla de las conexiones VPN SSL establecidas y obligaría a los usuarios remotos a iniciar una nueva conexión VPN y volver a autenticarse. Un ataque sostenido podría evitar que se establezcan nuevas conexiones VPN SSL. Nota: Cuando el tráfico del ataque se detiene, el servidor VPN de Cisco AnyConnect se recupera sin problemas sin necesidad de intervención manual.",HIGH,
CVE-2024-20499,2024-10-02 19:15:14.143,cisco,meraki_z4c_firmware,"Varias vulnerabilidades en el servidor VPN de Cisco AnyConnect de los dispositivos Cisco Meraki MX y Cisco Meraki Z Series Teleworker Gateway podrían permitir que un atacante remoto no autenticado provoque una condición de denegación de servicio (DoS) en el servicio AnyConnect de un dispositivo afectado. Estas vulnerabilidades se deben a una validación insuficiente de los parámetros proporcionados por el cliente al establecer una sesión VPN SSL. Un atacante podría aprovechar estas vulnerabilidades enviando una solicitud HTTPS manipulada al servidor VPN de un dispositivo afectado. Una explotación exitosa podría permitir que el atacante haga que el servidor VPN de Cisco AnyConnect se reinicie, lo que provocaría la falla de las conexiones VPN SSL establecidas y obligaría a los usuarios remotos a iniciar una nueva conexión VPN y volver a autenticarse. Un ataque sostenido podría evitar que se establezcan nuevas conexiones VPN SSL. Nota: Cuando el tráfico del ataque se detiene, el servidor VPN de Cisco AnyConnect se recupera sin problemas sin necesidad de intervención manual.",HIGH,
CVE-2024-20498,2024-10-02 19:15:13.870,cisco,meraki_mx65_firmware,"Varias vulnerabilidades en el servidor VPN de Cisco AnyConnect de los dispositivos Cisco Meraki MX y Cisco Meraki Z Series Teleworker Gateway podrían permitir que un atacante remoto no autenticado provoque una condición de denegación de servicio (DoS) en el servicio AnyConnect de un dispositivo afectado. Estas vulnerabilidades se deben a una validación insuficiente de los parámetros proporcionados por el cliente al establecer una sesión VPN SSL. Un atacante podría aprovechar estas vulnerabilidades enviando una solicitud HTTPS manipulada al servidor VPN de un dispositivo afectado. Una explotación exitosa podría permitir que el atacante haga que el servidor VPN de Cisco AnyConnect se reinicie, lo que provocaría la falla de las conexiones VPN SSL establecidas y obligaría a los usuarios remotos a iniciar una nueva conexión VPN y volver a autenticarse. Un ataque sostenido podría evitar que se establezcan nuevas conexiones VPN SSL. Nota: Cuando el tráfico del ataque se detiene, el servidor VPN de Cisco AnyConnect se recupera sin problemas sin necesidad de intervención manual.",HIGH,
CVE-2024-20470,2024-10-02 17:15:17.027,cisco,rv340_dual_wan_gigabit_vpn_router_firmware,"Una vulnerabilidad en la interfaz de administración basada en web de los enrutadores VPN Gigabit de doble WAN Cisco Small Business RV340, RV340W, RV345 y RV345P podría permitir que un atacante remoto autenticado ejecute código arbitrario en un dispositivo afectado. Para aprovechar esta vulnerabilidad, el atacante debe tener credenciales de administrador válidas. Esta vulnerabilidad existe porque la interfaz de administración basada en web no valida de manera suficiente la entrada proporcionada por el usuario. Un atacante podría aprovechar esta vulnerabilidad enviando una entrada HTTP manipulada a un dispositivo afectado. Una explotación exitosa podría permitir que el atacante ejecute código arbitrario como usuario raíz en el sistema operativo subyacente.",HIGH,
CVE-2024-20268,2024-10-23 17:15:14.387,cisco,adaptive_security_appliance_software,"Una vulnerabilidad en la función de protocolo simple de administración de redes (SNMP) del software Cisco Adaptive Security Appliance (ASA) y del software Cisco Firepower Threat Defense (FTD) podría permitir que un atacante remoto autenticado provoque una recarga inesperada del dispositivo. Esta vulnerabilidad se debe a una validación de entrada insuficiente de los paquetes SNMP. Un atacante podría aprovechar esta vulnerabilidad enviando una solicitud SNMP manipulada a un dispositivo afectado mediante IPv4 o IPv6. Una explotación exitosa podría permitir que el atacante haga que el dispositivo afectado se recargue, lo que da como resultado una condición de denegación de servicio (DoS). Esta vulnerabilidad afecta a todas las versiones de SNMP (versiones 1, 2c y 3) y requiere una cadena de comunidad SNMP válida o credenciales de usuario SNMPv3 válidas.",HIGH,
CVE-2024-20351,2024-10-23 17:15:18.913,cisco,firepower_threat_defense_software,"Una vulnerabilidad en la función de manejo de tráfico TCP/IP del motor de detección Snort del software Cisco Firepower Threat Defense (FTD) y los servicios Cisco FirePOWER podría permitir que un atacante remoto no autenticado provoque la pérdida de tráfico legítimo de la red, lo que daría lugar a una condición de denegación de servicio (DoS). Esta vulnerabilidad se debe a un manejo inadecuado del tráfico de red TCP/IP. Un atacante podría aprovechar esta vulnerabilidad enviando una gran cantidad de tráfico de red TCP/IP a través del dispositivo afectado. Una explotación exitosa podría permitir al atacante hacer que el dispositivo Cisco FTD pierda tráfico de red, lo que daría lugar a una condición de denegación de servicio (DoS). El dispositivo afectado debe reiniciarse para resolver la condición de denegación de servicio.",HIGH,
CVE-2024-33508,2024-09-10 15:15:16.187,fortinet,forticlient_enterprise_management_server,"Una neutralización incorrecta de elementos especiales utilizados en una vulnerabilidad de comando ('Inyección de comando') [CWE-77] en Fortinet FortiClientEMS 7.2.0 a 7.2.4, 7.0.0 a 7.0.12 puede permitir que un atacante no autenticado ejecute operaciones limitadas y temporales en la base de datos subyacente a través de solicitudes manipuladas. ",HIGH,
CVE-2024-20408,2024-10-23 18:15:08.697,cisco,adaptive_security_appliance_software,"Una vulnerabilidad en la función de políticas de acceso dinámico (DAP) del software Cisco Adaptive Security Appliance (ASA) y del software Cisco Firepower Threat Defense (FTD) podría permitir que un atacante remoto autenticado haga que un dispositivo afectado se recargue inesperadamente. Para aprovechar esta vulnerabilidad, un atacante necesitaría credenciales de usuario de VPN de acceso remoto válidas en el dispositivo afectado. Esta vulnerabilidad se debe a una validación incorrecta de los datos en las solicitudes HTTPS POST. Un atacante podría aprovechar esta vulnerabilidad enviando una solicitud HTTPS POST manipulada a un dispositivo afectado. Una explotación exitosa podría permitir que el atacante haga que el dispositivo se recargue, lo que da como resultado una condición de denegación de servicio (DoS).",HIGH,
CVE-2024-20449,2024-10-02 17:15:16.820,cisco,nexus_dashboard_fabric_controller,Una vulnerabilidad en Cisco Nexus Dashboard Fabric Controller (NDFC) podría permitir que un atacante remoto autenticado con privilegios bajos ejecute código arbitrario en un dispositivo afectado. Esta vulnerabilidad se debe a una validación de ruta incorrecta. Un atacante podría aprovechar esta vulnerabilidad utilizando el Protocolo de copia segura (SCP) para cargar código malicioso en un dispositivo afectado utilizando técnicas de path traversal. Una explotación exitosa podría permitir al atacante ejecutar código arbitrario en un contenedor específico con los privilegios de superusuario.,HIGH,
CVE-2024-20494,2024-10-23 18:15:12.783,cisco,adaptive_security_appliance_software,"Una vulnerabilidad en la funcionalidad de criptografía TLS del software Cisco Adaptive Security Appliance (ASA) y del software Cisco Firepower Threat Defense (FTD) podría permitir que un atacante remoto no autenticado haga que el dispositivo se recargue inesperadamente, lo que da como resultado una condición de denegación de servicio (DoS). Esta vulnerabilidad se debe a una validación de datos incorrecta durante el protocolo de enlace TLS 1.3. Un atacante podría aprovechar esta vulnerabilidad enviando un paquete TLS 1.3 manipulado a un sistema afectado a través de un socket de escucha habilitado para TLS 1.3. Una explotación exitosa podría permitir que el atacante haga que el dispositivo se recargue, lo que da como resultado una condición de denegación de servicio. Nota: Esta vulnerabilidad también puede afectar la integridad de un dispositivo al provocar fallas de comunicación de VPN HostScan o fallas de transferencia de archivos cuando se actualiza el software Cisco ASA mediante Cisco Adaptive Security Device Manager (ASDM).",HIGH,
CVE-2024-20495,2024-10-23 18:15:13.007,cisco,adaptive_security_appliance_software,"Una vulnerabilidad en la función de VPN de acceso remoto del software Cisco Adaptive Security Appliance (ASA) y del software Cisco Firepower Threat Defense (FTD) podría permitir que un atacante remoto no autenticado haga que el dispositivo se recargue inesperadamente, lo que da como resultado una condición de denegación de servicio (DoS) en un dispositivo afectado. Esta vulnerabilidad se debe a una validación incorrecta de los datos de la clave del cliente después de que se establece la sesión TLS. Un atacante podría aprovechar esta vulnerabilidad enviando un valor de clave creado a un sistema afectado a través de la sesión TLS segura. Una explotación exitosa podría permitir que el atacante haga que el dispositivo se recargue, lo que da como resultado una condición de denegación de servicio.",HIGH,
CVE-2024-20484,2024-11-06 17:15:15.580,cisco,enterprise_chat_and_email,"Una vulnerabilidad en la función External Agent Assignment Service (EAAS) de Cisco Enterprise Chat and Email (ECE) podría permitir que un atacante remoto no autenticado provoque una condición de denegación de servicio (DoS) en un dispositivo afectado. Esta vulnerabilidad se debe a una validación insuficiente del tráfico de Media Routing Peripheral Interface Manager (MR PIM) que recibe un dispositivo afectado. Un atacante podría aprovechar esta vulnerabilidad enviando tráfico MR PIM manipulado a un dispositivo afectado. Una explotación exitosa podría permitir que el atacante provoque una falla en la conexión MR PIM entre Cisco ECE y Cisco Unified Contact Center Enterprise (CCE), lo que provocaría una condición de DoS en EAAS que evitaría que los clientes inicien sesiones de chat, devolución de llamadas o devolución de llamadas retrasadas. Nota: Cuando el tráfico del ataque se detiene, el proceso EAAS debe reiniciarse manualmente para restablecer el funcionamiento normal. Para reiniciar el proceso en la consola del sistema, seleccione Recursos compartidos &gt; Servicios &gt; Unified CCE &gt; EAAS y, a continuación, haga clic en Iniciar.",HIGH,
CVE-2024-20536,2024-11-06 17:15:19.140,cisco,nexus_dashboard_fabric_controller,"Una vulnerabilidad en un endpoint de API REST y una interfaz de administración basada en web de Cisco Nexus Dashboard Fabric Controller (NDFC) podría permitir que un atacante remoto autenticado con privilegios de solo lectura ejecute comandos SQL arbitrarios en un dispositivo afectado. Esta vulnerabilidad se debe a una validación insuficiente de la entrada proporcionada por el usuario. Un atacante podría aprovechar esta vulnerabilidad enviando una solicitud manipulado a un endpoint de API REST o una interfaz de administración basada en web específicos. Una explotación exitosa podría permitir que el atacante lea, modifique o elimine datos arbitrarios en una base de datos interna, lo que podría afectar la disponibilidad del dispositivo.",HIGH,
CVE-2022-20685,2024-11-15 16:15:21.910,cisco,cyber_vision,"Una vulnerabilidad en el preprocesador Modbus del motor de detección Snort podría permitir que un atacante remoto no autenticado provoque una condición de denegación de servicio (DoS) en un dispositivo afectado. Esta vulnerabilidad se debe a un desbordamiento de enteros durante el procesamiento del tráfico Modbus. Un atacante podría aprovechar esta vulnerabilidad enviando tráfico Modbus manipulado a través de un dispositivo afectado. Una explotación exitosa podría permitir que el atacante provoque que el proceso Snort se bloquee, lo que provocaría que se detenga la inspección del tráfico. Cisco ha publicado actualizaciones de software que solucionan esta vulnerabilidad. No existen workarounds que solucionen esta vulnerabilidad.",HIGH,
CVE-2022-20814,2024-11-15 16:15:22.670,cisco,telepresence_video_communication_server,"Una vulnerabilidad en la validación de certificados de Cisco Expressway-C y Cisco TelePresence VCS podría permitir que un atacante remoto no autenticado obtenga acceso no autorizado a datos confidenciales. La vulnerabilidad se debe a la falta de validación del certificado de servidor SSL que recibe un dispositivo afectado cuando establece una conexión con un dispositivo Cisco Unified Communications Manager. Un atacante podría aprovechar esta vulnerabilidad utilizando una técnica de intermediario para interceptar el tráfico entre los dispositivos y, a continuación, utilizando un certificado autofirmado para hacerse pasar por el punto final. Una explotación exitosa podría permitir al atacante ver el tráfico interceptado en texto plano o alterar el contenido del tráfico. Nota: Cisco Expressway-E no se ve afectado por esta vulnerabilidad. Cisco ha publicado actualizaciones de software que solucionan esta vulnerabilidad. No existen workarounds que solucionen esta vulnerabilidad. ",HIGH,
CVE-2022-20853,2024-11-15 16:15:23.540,cisco,telepresence_video_communication_server,Una vulnerabilidad en la API REST de Cisco Expressway Series y Cisco TelePresence VCS podría permitir que un atacante remoto no autenticado realice un ataque de Cross-Site Request Forgery (CSRF) en un sistema afectado. Esta vulnerabilidad se debe a que no hay suficientes protecciones CSRF para la interfaz de administración basada en web de un sistema afectado. Un atacante podría aprovechar esta vulnerabilidad persuadiendo a un usuario de la API REST para que siga un enlace manipulado. Una explotación exitosa podría permitir que el atacante haga que el sistema afectado se recargue. Cisco ha publicado actualizaciones de software que solucionan esta vulnerabilidad. No existen workarounds que solucionen esta vulnerabilidad.,HIGH,
CVE-2020-26071,2024-11-18 16:15:05.710,cisco,catalyst_sd-wan_manager,"Una vulnerabilidad en la CLI del software Cisco SD-WAN podría permitir que un atacante local autenticado cree o sobrescriba archivos arbitrarios en un dispositivo afectado, lo que podría generar una condición de denegación de servicio (DoS). La vulnerabilidad se debe a una validación de entrada insuficiente para comandos específicos. Un atacante podría aprovechar esta vulnerabilidad al incluir argumentos manipulados para esos comandos específicos. Una explotación exitosa podría permitir que el atacante cree o sobrescriba archivos arbitrarios en el dispositivo afectado, lo que podría generar una condición de denegación de servicio (DoS). Cisco ha publicado actualizaciones de software que solucionan esta vulnerabilidad. No existen workarounds que solucionen esta vulnerabilidad.",HIGH,
CVE-2020-26073,2024-11-18 16:15:05.947,cisco,catalyst_sd-wan_manager,"Una vulnerabilidad en los puntos finales de datos de la aplicación de Cisco SD-WAN vManage Software podría permitir que un atacante remoto no autenticado obtenga acceso a información confidencial. La vulnerabilidad se debe a una validación incorrecta de las secuencias de caracteres de directory traversal dentro de las solicitudes a las interfaces programáticas de aplicaciones (API). Un atacante podría aprovechar esta vulnerabilidad enviando solicitudes maliciosas a una API dentro de la aplicación afectada. Una explotación exitosa podría permitir al atacante realizar ataques de directory traversal y obtener acceso a información confidencial, incluidas las credenciales o los tokens de usuario. Cisco ha publicado actualizaciones de software que solucionan esta vulnerabilidad. No existen workarounds que solucionen esta vulnerabilidad.",HIGH,
CVE-2024-20402,2024-10-23 18:15:07.930,cisco,adaptive_security_appliance_software,"Una vulnerabilidad en la función SSL VPN del software Cisco Adaptive Security Appliance (ASA) y del software Cisco Firepower Threat Defense (FTD) podría permitir que un atacante remoto no autenticado haga que un dispositivo afectado se recargue inesperadamente, lo que da como resultado una condición de denegación de servicio (DoS). Esta vulnerabilidad se debe a un error lógico en la administración de la memoria cuando el dispositivo está manejando conexiones SSL VPN. Un atacante podría aprovechar esta vulnerabilidad enviando paquetes SSL/TLS manipulados al servidor SSL VPN del dispositivo afectado. Una explotación exitosa podría permitir que el atacante haga que el dispositivo se recargue, lo que da como resultado una condición de denegación de servicio.",HIGH,
CVE-2024-20426,2024-10-23 18:15:10.147,cisco,adaptive_security_appliance_software,"Una vulnerabilidad en el protocolo de intercambio de claves de Internet versión 2 (IKEv2) para la terminación de VPN del software Cisco Adaptive Security Appliance (ASA) y del software Cisco Firepower Threat Defense (FTD) podría permitir que un atacante remoto no autenticado provoque una condición de denegación de servicio (DoS) en un dispositivo afectado. Esta vulnerabilidad se debe a una validación de entrada insuficiente. Un atacante podría aprovechar esta vulnerabilidad enviando tráfico IKEv2 manipulado a un dispositivo afectado. Una explotación exitosa podría permitir que el atacante haga que el dispositivo se recargue, lo que da como resultado una condición de DoS.",HIGH,
CVE-2024-20480,2024-09-25 17:15:17.787,cisco,ios_xe,"Una vulnerabilidad en la función DHCP Snooping del software Cisco IOS XE en los nodos de borde de la estructura de acceso definido por software (SD-Access) podría permitir que un atacante remoto no autenticado provoque un alto uso de la CPU en un dispositivo afectado, lo que da como resultado una condición de denegación de servicio (DoS) que requiere una recarga manual para recuperarse. Esta vulnerabilidad se debe a un manejo inadecuado de los paquetes DHCP de IPv4. Un atacante podría aprovechar esta vulnerabilidad enviando ciertos paquetes DHCP de IPv4 a un dispositivo afectado. Una explotación exitosa podría permitir que el atacante haga que el dispositivo agote los recursos de la CPU y deje de procesar el tráfico, lo que da como resultado una condición de DoS que requiere una recarga manual para recuperarse.",HIGH,
CVE-2020-26074,2024-11-18 16:15:06.170,cisco,catalyst_sd-wan_manager,"Una vulnerabilidad en las funciones de transferencia de archivos del sistema de Cisco SD-WAN vManage Software podría permitir que un atacante local autenticado obtenga privilegios elevados en el sistema operativo subyacente. La vulnerabilidad se debe a una validación incorrecta de la entrada de ruta a las funciones de transferencia de archivos del sistema. Un atacante podría aprovechar esta vulnerabilidad enviando solicitudes que contengan variables de ruta especialmente diseñadas al sistema vulnerable. Una explotación exitosa podría permitir al atacante sobrescribir archivos arbitrarios, lo que le permitiría modificar el sistema de tal manera que podría permitirle obtener privilegios elevados. Cisco ha publicado actualizaciones de software que solucionan esta vulnerabilidad. No existen workarounds que solucionen esta vulnerabilidad.",HIGH,
CVE-2024-45327,2024-09-11 10:15:02.023,fortinet,fortisoar,"Una vulnerabilidad de autorización indebida [CWE-285] en el endpoint de cambio de contraseña de FortiSOAR versión 7.4.0 a 7.4.3, 7.3.0 a 7.3.2, 7.2.0 a 7.2.2, 7.0.0 a 7.0.3 puede permitir que un atacante autenticado realice un ataque de fuerza bruta en las contraseñas de usuarios y administradores a través de solicitudes HTTP manipuladas.",HIGH,
CVE-2024-45330,2024-10-08 15:15:15.010,fortinet,fortianalyzer,El uso de una cadena de formato controlada externamente en las versiones 7.4.0 a 7.4.3 y 7.2.2 a 7.2.5 de Fortinet FortiAnalyzer permite a un atacante aumentar sus privilegios a través de solicitudes especialmente manipuladas.,HIGH,
CVE-2023-50176,2024-11-12 19:15:07.360,fortinet,fortios,Una fijación de sesión en Fortinet FortiOS versión 7.4.0 a 7.4.3 y 7.2.0 a 7.2.7 y 7.0.0 a 7.0.13 permite a un atacante ejecutar código o comandos no autorizados a través de un enlace de autenticación SAML de phishing.,HIGH,
CVE-2024-23666,2024-11-12 19:15:07.970,fortinet,fortianalyzer,"Una aplicación del lado del cliente de la seguridad del lado del servidor en Fortinet FortiAnalyzer-BigData al menos en las versiones 7.4.0 y 7.2.0 a 7.2.6 y 7.0.1 a 7.0.6 y 6.4.5 a 6.4.7 y 6.2.5, FortiManager versión 7.4.0 a 7.4.1 y 7.2.0 a 7.2.4 y 7.0.0 a 7.0.11 y 6.4.0 a 6.4.14, FortiAnalyzer versión 7.4.0 a 7.4.1 y 7.2.0 a 7.2.4 y 7.0.0 a 7.0.11 y 6.4.0 a 6.4.14 permite a un atacante realizar un control de acceso indebido a través de solicitudes manipuladas.",HIGH,
CVE-2024-36507,2024-11-12 19:15:10.233,fortinet,forticlient,"Una ruta de búsqueda no confiable en Fortinet FortiClientWindows versiones 7.4.0, versiones 7.2.4 a 7.2.0, versiones 7.0.12 a 7.0.0 permite a un atacante ejecutar código arbitrario a través del secuestro de DLL e ingeniería social.",HIGH,
CVE-2024-36513,2024-11-12 19:15:10.633,fortinet,forticlient,"Una vulnerabilidad de error de cambio de contexto de privilegios [CWE-270] en FortiClient Windows versión 7.2.4 y anteriores, versión 7.0.12 y anteriores, 6.4 todas las versiones puede permitir que un usuario autenticado aumente sus privilegios a través de scripts de parcheo automático de lua.",HIGH,
CVE-2024-40592,2024-11-12 19:15:11.013,fortinet,forticlient,"Una verificación incorrecta de la vulnerabilidad de la firma criptográfica [CWE-347] en FortiClient MacOS versión 7.4.0, versión 7.2.4 y anteriores, versión 7.0.10 y anteriores, versión 6.4.10 y anteriores puede permitir que un atacante autenticado local intercambie el instalador con un paquete malicioso a través de una condición de ejecución durante el proceso de instalación.",HIGH,
CVE-2024-47574,2024-11-13 12:15:16.313,fortinet,forticlient,"Una omisión de autenticación que utiliza una ruta o canal alternativo en Fortinet FortiClientWindows versión 7.4.0, versiones 7.2.4 a 7.2.0, versiones 7.0.12 a 7.0.0 y 6.4.10 a 6.4.0 permite a un atacante con pocos privilegios ejecutar código arbitrario con altos privilegios a través de mensajes de canalización con nombre falsificados.",HIGH,
CVE-2024-24914,2024-11-07 12:15:24.327,checkpoint,gaia_os,Los usuarios autenticados de Gaia pueden inyectar código o comandos mediante variables globales a través de solicitudes HTTP especiales. Hay disponible una solución de seguridad que mitiga esta vulnerabilidad.,HIGH,
CVE-2024-20451,2024-08-07 17:15:50.493,cisco,spa_301_firmware,Múltiples vulnerabilidades en la interfaz de administración basada en web de los teléfonos IP Cisco Small Business serie SPA300 y los teléfonos IP Cisco Small Business serie SPA500 podrían permitir que un atacante remoto no autenticado provoque que un dispositivo afectado se recargue inesperadamente. Estas vulnerabilidades existen porque los paquetes HTTP no se verifican adecuadamente en busca de errores. Un atacante podría aprovechar esta vulnerabilidad enviando un paquete HTTP manipulado a la interfaz remota de un dispositivo afectado. Un exploit exitoso podría permitir al atacante provocar una condición DoS en el dispositivo.,HIGH,
CVE-2024-20375,2024-08-21 17:15:07.303,cisco,unified_communications_manager,"Una vulnerabilidad en la función de procesamiento de llamadas SIP de Cisco Unified Communications Manager (Unified CM) y Cisco Unified Communications Manager Session Management Edition (Unified CM SME) podría permitir que un atacante remoto no autenticado provoque una condición de denegación de servicio (DoS) en un dispositivo afectado. Esta vulnerabilidad se debe a un análisis inadecuado de los mensajes SIP. Un atacante podría aprovechar esta vulnerabilidad enviando un mensaje SIP manipulado a un dispositivo Cisco Unified CM o Cisco Unified CM SME afectado. Un exploit exitoso podría permitir al atacante hacer que el dispositivo se recargue, lo que resultaría en una condición DoS que interrumpa las comunicaciones de los dispositivos de voz y video dependientes.",HIGH,
CVE-2024-20440,2024-09-04 17:15:13.517,cisco,smart_license_utility,"Una vulnerabilidad en Cisco Smart Licensing Utility podría permitir que un atacante remoto no autenticado acceda a información confidencial. Esta vulnerabilidad se debe a un exceso de verbosidad en un archivo de registro de depuración. Un atacante podría aprovechar esta vulnerabilidad enviando una solicitud HTTP manipulada a un dispositivo afectado. Una explotación exitosa podría permitir al atacante obtener archivos de registro que contienen datos confidenciales, incluidas las credenciales que se pueden usar para acceder a la API.",HIGH,
CVE-2024-20304,2024-09-11 17:15:11.853,cisco,ios_xr,"Una vulnerabilidad en la función multicast traceroute versión 2 (Mtrace2) del software Cisco IOS XR podría permitir que un atacante remoto no autenticado agote la memoria de paquetes UDP de un dispositivo afectado. Esta vulnerabilidad existe porque el código Mtrace2 no maneja correctamente la memoria de paquetes. Un atacante podría aprovechar esta vulnerabilidad enviando paquetes manipulados a un dispositivo afectado. Una explotación exitosa podría permitir que el atacante agote la memoria de paquetes UDP entrantes. El dispositivo afectado no podría procesar paquetes de protocolos basados en UDP de nivel superior, lo que posiblemente provoque una condición de denegación de servicio (DoS). Nota: Esta vulnerabilidad se puede aprovechar utilizando IPv4 o IPv6.",HIGH,
CVE-2024-20317,2024-09-11 17:15:12.043,cisco,ios_xr,"Una vulnerabilidad en el manejo de tramas Ethernet específicas por parte del software Cisco IOS XR para varias plataformas Cisco Network Convergence System (NCS) podría permitir que un atacante adyacente no autenticado provoque que se descarten paquetes de prioridad crítica, lo que da como resultado una condición de denegación de servicio (DoS). Esta vulnerabilidad se debe a la clasificación incorrecta de ciertos tipos de tramas Ethernet que se reciben en una interfaz. Un atacante podría aprovechar esta vulnerabilidad enviando tipos específicos de tramas Ethernet al dispositivo afectado o a través de él. Una explotación exitosa podría permitir que el atacante provoque que las relaciones de protocolo del plano de control fallen, lo que da como resultado una condición de denegación de servicio. Para obtener más información, consulte la sección de este aviso. Cisco ha publicado actualizaciones de software que solucionan esta vulnerabilidad. No existen workarounds que solucionen esta vulnerabilidad.",HIGH,
CVE-2024-20381,2024-09-11 17:15:12.403,cisco,ios_xr,"Una vulnerabilidad en la función API JSON-RPC en ConfD que utilizan las interfaces de administración basadas en web de Cisco Crosswork Network Services Orchestrator (NSO), Cisco Optical Site Manager y Cisco RV340 Dual WAN Gigabit VPN Routers podría permitir que un atacante remoto autenticado modifique la configuración de una aplicación o dispositivo afectado. Esta vulnerabilidad se debe a comprobaciones de autorización incorrectas en la API. Un atacante con privilegios suficientes para acceder a la aplicación o dispositivo afectado podría explotar esta vulnerabilidad enviando solicitudes maliciosas a la API JSON-RPC. Una explotación exitosa podría permitir al atacante realizar modificaciones no autorizadas a la configuración de la aplicación o dispositivo afectado, incluida la creación de nuevas cuentas de usuario o la elevación de sus propios privilegios en un sistema afectado.",HIGH,
CVE-2024-20398,2024-09-11 17:15:12.860,cisco,ios_xr,Una vulnerabilidad en la CLI del software Cisco IOS XR podría permitir que un atacante local autenticado obtenga acceso de lectura y escritura al sistema de archivos en el sistema operativo subyacente de un dispositivo afectado. Esta vulnerabilidad se debe a una validación insuficiente de los argumentos de usuario que se pasan a comandos CLI específicos. Un atacante con una cuenta con pocos privilegios podría aprovechar esta vulnerabilidad mediante el uso de comandos manipulados en el indicador. Una explotación exitosa podría permitir al atacante elevar los privilegios a superusuario.,HIGH,
CVE-2024-20406,2024-09-11 17:15:13.040,cisco,ios_xr,"Una vulnerabilidad en la función de enrutamiento de segmentos para el protocolo de sistema intermedio a sistema intermedio (IS-IS) del software Cisco IOS XR podría permitir que un atacante adyacente no autenticado provoque una condición de denegación de servicio (DoS) en un dispositivo afectado. Esta vulnerabilidad se debe a una validación de entrada insuficiente de los paquetes IS-IS de entrada. Un atacante podría aprovechar esta vulnerabilidad enviando paquetes IS-IS específicos a un dispositivo afectado después de formar una adyacencia. Una explotación exitosa podría permitir que el atacante provoque que el proceso IS-IS en todos los dispositivos afectados que participan en el algoritmo flexible se bloquee y se reinicie, lo que da como resultado una condición de DoS. Nota: El protocolo IS-IS es un protocolo de enrutamiento. Para aprovechar esta vulnerabilidad, un atacante debe estar adyacente a la capa 2 del dispositivo afectado y debe haber formado una adyacencia. Esta vulnerabilidad afecta al enrutamiento de segmentos para IS-IS sobre planos de control IPv4 e IPv6, así como a dispositivos que están configurados como tipo IS-IS de enrutamiento de nivel 1, nivel 2 o multinivel.",HIGH,
CVE-2024-20483,2024-09-11 17:15:13.213,cisco,ios_xr,"Varias vulnerabilidades en el software Cisco Routed PON Controller, que se ejecuta como un contenedor Docker en hardware compatible con el software Cisco IOS XR, podrían permitir que un atacante remoto autenticado con privilegios de nivel de administrador en el administrador de PON o acceso directo a la instancia MongoDB del administrador de PON realice ataques de inyección de comandos en el contenedor del controlador de PON y ejecute comandos arbitrarios como superusuario. Estas vulnerabilidades se deben a una validación insuficiente de los argumentos que se pasan a comandos de configuración específicos. Un atacante podría aprovechar estas vulnerabilidades al incluir una entrada manipulada como argumento de un comando de configuración afectado. Una explotación exitosa podría permitir al atacante ejecutar comandos arbitrarios como superusuario en el controlador de PON.",HIGH,
CVE-2024-20489,2024-09-11 17:15:13.393,cisco,ios_xr,Una vulnerabilidad en el método de almacenamiento del archivo de configuración del controlador PON podría permitir que un atacante local autenticado con privilegios bajos obtenga las credenciales de MongoDB. Esta vulnerabilidad se debe al almacenamiento inadecuado de las credenciales de la base de datos sin cifrar en el dispositivo que ejecuta el software Cisco IOS XR. Un atacante podría aprovechar esta vulnerabilidad accediendo a los archivos de configuración en un sistema afectado. Una explotación exitosa podría permitir al atacante ver las credenciales de MongoDB.,HIGH,
CVE-2024-20430,2024-09-12 20:15:04.407,cisco,meraki_systems_manager,"Una vulnerabilidad en Cisco Meraki Systems Manager (SM) Agent para Windows podría permitir que un atacante local autenticado ejecute código arbitrario con privilegios elevados. Esta vulnerabilidad se debe a un manejo incorrecto de las rutas de búsqueda de directorios en tiempo de ejecución. Un atacante con pocos privilegios podría aprovechar esta vulnerabilidad colocando archivos de configuración y archivos DLL maliciosos en un sistema afectado, que leería y ejecutaría los archivos cuando Cisco Meraki SM se inicie. Una explotación exitosa podría permitir que el atacante ejecute código arbitrario en el sistema afectado con privilegios de SYSTEM.",HIGH,
CVE-2024-20350,2024-09-25 17:15:15.000,cisco,catalyst_center,"Una vulnerabilidad en el servidor SSH de Cisco Catalyst Center, anteriormente Cisco DNA Center, podría permitir que un atacante remoto no autenticado se haga pasar por un dispositivo Cisco Catalyst Center. Esta vulnerabilidad se debe a la presencia de una clave de host SSH estática. Un atacante podría aprovechar esta vulnerabilidad realizando un ataque de tipo máquina intermedia en las conexiones SSH, lo que podría permitir al atacante interceptar el tráfico entre los clientes SSH y un dispositivo Cisco Catalyst Center. Una explotación exitosa podría permitir al atacante hacerse pasar por el dispositivo afectado, inyectar comandos en la sesión de terminal y robar credenciales de usuario válidas.",HIGH,
CVE-2024-20433,2024-09-25 17:15:15.677,cisco,ios,"Una vulnerabilidad en la función de Protocolo de reserva de recursos (RSVP) de Cisco IOS Software y Cisco IOS XE Software podría permitir que un atacante remoto no autenticado haga que un dispositivo afectado se recargue inesperadamente, lo que da como resultado una condición de denegación de servicio (DoS). Esta vulnerabilidad se debe a un desbordamiento de búfer al procesar paquetes RSVP manipulados. Un atacante podría aprovechar esta vulnerabilidad enviando tráfico RSVP a un dispositivo afectado. Una explotación exitosa podría permitir que el atacante haga que el dispositivo afectado se recargue, lo que da como resultado una condición de denegación de servicio (DoS).",HIGH,
CVE-2024-20436,2024-09-25 17:15:16.400,cisco,ios_xe,"Una vulnerabilidad en la función de servidor HTTP del software Cisco IOS XE cuando la función de servicio de telefonía está habilitada podría permitir que un atacante remoto no autenticado provoque una condición de denegación de servicio (DoS) en un dispositivo afectado. Esta vulnerabilidad se debe a una desreferencia de puntero nulo al acceder a URL específicas. Un atacante podría aprovechar esta vulnerabilidad enviando tráfico HTTP manipulado a un dispositivo afectado. Una explotación exitosa podría permitir que el atacante haga que el dispositivo afectado se recargue, lo que provocaría una condición de DoS en el dispositivo afectado.",HIGH,
CVE-2024-20437,2024-09-25 17:15:16.630,cisco,ios_xe,Una vulnerabilidad en la interfaz de administración basada en web del software Cisco IOS XE podría permitir que un atacante remoto no autenticado realice un ataque de Cross-Site Request Forgery (CSRF) y ejecute comandos en la CLI de un dispositivo afectado. Esta vulnerabilidad se debe a que no hay suficientes protecciones CSRF para la interfaz de administración basada en web de un dispositivo afectado. Un atacante podría aprovechar esta vulnerabilidad persuadiendo a un usuario ya autenticado para que siga un enlace manipulado. Una explotación exitosa podría permitir al atacante realizar acciones arbitrarias en el dispositivo afectado con los privilegios del usuario objetivo.,HIGH,
CVE-2024-20455,2024-09-25 17:15:16.827,cisco,ios_xe,"Una vulnerabilidad en el proceso que clasifica el tráfico que se dirige al componente Unified Threat Defense (UTD) del software Cisco IOS XE en modo controlador podría permitir que un atacante remoto no autenticado provoque una condición de denegación de servicio (DoS) en un dispositivo afectado. Esta vulnerabilidad existe porque UTD maneja incorrectamente ciertos paquetes cuando esos paquetes salen de un túnel IPsec SD-WAN. Un atacante podría aprovechar esta vulnerabilidad enviando tráfico manipulado a través de un túnel IPsec SD-WAN que esté configurado en un dispositivo afectado. Una explotación exitosa podría permitir que el atacante haga que el dispositivo se recargue, lo que da como resultado una condición de DoS. Nota: Los túneles SD-WAN que están configurados con Encapsulación de enrutamiento genérico (GRE) no se ven afectados por esta vulnerabilidad.",HIGH,
CVE-2024-20464,2024-09-25 17:15:17.043,cisco,ios_xe,"Una vulnerabilidad en la función de multidifusión independiente del protocolo (PIM) del software Cisco IOS XE podría permitir que un atacante remoto no autenticado provoque una condición de denegación de servicio (DoS) en un dispositivo afectado. Esta vulnerabilidad se debe a una validación insuficiente de los paquetes PIMv2 IPv4 recibidos. Un atacante podría aprovechar esta vulnerabilidad enviando un paquete PIMv2 manipulado a una interfaz habilitada para PIM en un dispositivo afectado. Una explotación exitosa podría permitir que el atacante haga que un dispositivo afectado se recargue, lo que da como resultado una condición de denegación de servicio. Nota: Esta vulnerabilidad se puede aprovechar con un paquete de multidifusión o unidifusión IPv4.",HIGH,
CVE-2024-20467,2024-09-25 17:15:17.393,cisco,ios_xe,"Una vulnerabilidad en la implementación del código de reensamblado de fragmentación de IPv4 en el software Cisco IOS XE podría permitir que un atacante remoto no autenticado provoque una condición de denegación de servicio (DoS) en un dispositivo afectado. Esta vulnerabilidad se debe a una administración incorrecta de los recursos durante el reensamblado de fragmentos. Un atacante podría aprovechar esta vulnerabilidad enviando tamaños específicos de paquetes fragmentados a un dispositivo afectado o a través de una interfaz habilitada para reensamblado de fragmentación virtual (VFR) en un dispositivo afectado. Una explotación exitosa podría permitir que el atacante haga que el dispositivo se recargue, lo que da como resultado una condición de DoS. Nota: Esta vulnerabilidad afecta a los enrutadores de servicios de agregación de la serie Cisco ASR 1000 y a los enrutadores de banda ancha convergentes Cisco cBR-8 si ejecutan la versión 17.12.1 o 17.12.1a del software Cisco IOS XE.",HIGH,
CVE-2024-20393,2024-10-02 17:15:15.337,cisco,rv340_dual_wan_gigabit_vpn_router_firmware,"Una vulnerabilidad en la interfaz de administración basada en web de los enrutadores VPN Gigabit de doble WAN Cisco Small Business RV340, RV340W, RV345 y RV345P podría permitir que un atacante remoto autenticado eleve los privilegios en un dispositivo afectado. Esta vulnerabilidad existe porque la interfaz de administración basada en web revela información confidencial. Un atacante podría aprovechar esta vulnerabilidad enviando una entrada HTTP manipulada a un dispositivo afectado. Una explotación exitosa podría permitir que un atacante eleve los privilegios de invitado a administrador.",HIGH,
CVE-2020-27124,2024-11-18 16:15:06.397,cisco,adaptive_security_appliance_software,"Una vulnerabilidad en el controlador SSL/TLS del software Cisco Adaptive Security Appliance (ASA) podría permitir que un atacante remoto no autenticado haga que el dispositivo afectado se recargue inesperadamente, lo que genera una condición de denegación de servicio (DoS). La vulnerabilidad se debe a un manejo inadecuado de errores en conexiones SSL/TLS establecidas. Un atacante podría aprovechar esta vulnerabilidad estableciendo una conexión SSL/TLS con el dispositivo afectado y luego enviando un mensaje SSL/TLS malicioso dentro de esa conexión. Una explotación exitosa podría permitir que el atacante haga que el dispositivo se recargue. Cisco ha publicado actualizaciones de software que solucionan esta vulnerabilidad. No existen workarounds que solucionen esta vulnerabilidad.",HIGH,
id,Fecha de creación,Marca,Modelo,Descripción,CVSS_31,CVSS_4
CVE-2024-20450,2024-08-07 17:15:50.283,cisco,spa_301_firmware,"Múltiples vulnerabilidades en la interfaz de administración basada en web de los teléfonos IP Cisco Small Business serie SPA300 y los teléfonos IP Cisco Small Business serie SPA500 podrían permitir que un atacante remoto no autenticado ejecute comandos arbitrarios en el sistema operativo subyacente con privilegios de superusuario. Estas vulnerabilidades existen porque los paquetes HTTP entrantes no se verifican adecuadamente en busca de errores, lo que podría provocar un desbordamiento del búfer. Un atacante podría aprovechar esta vulnerabilidad enviando una solicitud HTTP diseñada a un dispositivo afectado. Un exploit exitoso podría permitir al atacante desbordar un búfer interno y ejecutar comandos arbitrarios en el nivel de privilegio superusuario.",CRITICAL,
CVE-2024-20419,2024-07-17 17:15:14.143,cisco,smart_software_manager_on-prem,"Una vulnerabilidad en el sistema de autenticación de Cisco Smart Software Manager On-Prem (SSM On-Prem) podría permitir que un atacante remoto no autenticado cambie la contraseña de cualquier usuario, incluidos los usuarios administrativos. Esta vulnerabilidad se debe a una implementación incorrecta del proceso de cambio de contraseña. Un atacante podría aprovechar esta vulnerabilidad enviando solicitudes HTTP manipuladas a un dispositivo afectado. Un exploit exitoso podría permitir a un atacante acceder a la interfaz de usuario web o API con los privilegios del usuario comprometido.",CRITICAL,
CVE-2024-20401,2024-07-17 17:15:13.540,cisco,secure_email_gateway,"Una vulnerabilidad en las funciones de escaneo de contenido y filtrado de mensajes de Cisco Secure Email Gateway podría permitir que un atacante remoto no autenticado sobrescriba archivos arbitrarios en el sistema operativo subyacente. Esta vulnerabilidad se debe al manejo inadecuado de los archivos adjuntos de correo electrónico cuando el análisis de archivos y los filtros de contenido están habilitados. Un atacante podría aprovechar esta vulnerabilidad enviando un correo electrónico que contenga un archivo adjunto manipulado a través de un dispositivo afectado. Un exploit exitoso podría permitir al atacante reemplazar cualquier archivo en el sistema de archivos subyacente. Luego, el atacante podría realizar cualquiera de las siguientes acciones: agregar usuarios con privilegios de root, modificar la configuración del dispositivo, ejecutar código arbitrario o provocar una condición de denegación de servicio (DoS) permanente en el dispositivo afectado. Nota: Se requiere intervención manual para recuperarse de la condición DoS. Se recomienda a los clientes que se comuniquen con el Centro de asistencia técnica de Cisco (TAC) para ayudar a recuperar un dispositivo en esta condición.",CRITICAL,
CVE-2024-20454,2024-08-07 17:15:50.713,cisco,spa_301_firmware,"Múltiples vulnerabilidades en la interfaz de administración basada en web de los teléfonos IP Cisco Small Business serie SPA300 y los teléfonos IP Cisco Small Business serie SPA500 podrían permitir que un atacante remoto no autenticado ejecute comandos arbitrarios en el sistema operativo subyacente con privilegios de superusuario. Estas vulnerabilidades existen porque los paquetes HTTP entrantes no se verifican adecuadamente en busca de errores, lo que podría provocar un desbordamiento del búfer. Un atacante podría aprovechar esta vulnerabilidad enviando una solicitud HTTP manipulada a un dispositivo afectado. Un exploit exitoso podría permitir al atacante desbordar un búfer interno y ejecutar comandos arbitrarios en el nivel de privilegio superusuario.",CRITICAL,
CVE-2023-40720,2024-05-14 17:15:19.067,fortinet,fortivoice,Una omisión de autorización a través de una vulnerabilidad de clave controlada por el usuario [CWE-639] en FortiVoiceEntreprise versión 7.0.0 a 7.0.1 y anteriores a 6.4.8 permite a un atacante autenticado leer la configuración SIP de otros usuarios a través de solicitudes HTTP o HTTPS manipuladas.,HIGH,
CVE-2024-20451,2024-08-07 17:15:50.493,cisco,spa_301_firmware,Múltiples vulnerabilidades en la interfaz de administración basada en web de los teléfonos IP Cisco Small Business serie SPA300 y los teléfonos IP Cisco Small Business serie SPA500 podrían permitir que un atacante remoto no autenticado provoque que un dispositivo afectado se recargue inesperadamente. Estas vulnerabilidades existen porque los paquetes HTTP no se verifican adecuadamente en busca de errores. Un atacante podría aprovechar esta vulnerabilidad enviando un paquete HTTP manipulado a la interfaz remota de un dispositivo afectado. Un exploit exitoso podría permitir al atacante provocar una condición DoS en el dispositivo.,HIGH,
CVE-2024-20435,2024-07-17 17:15:14.787,cisco,asyncos,"Una vulnerabilidad en la CLI de Cisco AsyncOS para Secure Web Appliance podría permitir que un atacante local autenticado ejecute comandos arbitrarios y eleve privilegios a root. Esta vulnerabilidad se debe a una validación insuficiente de la entrada proporcionada por el usuario para la CLI. Un atacante podría aprovechar esta vulnerabilidad autenticándose en el sistema y ejecutando un comando manipulado en el dispositivo afectado. Un exploit exitoso podría permitir al atacante ejecutar comandos arbitrarios en el sistema operativo subyacente y elevar los privilegios a root. Para explotar con éxito esta vulnerabilidad, un atacante necesitaría al menos credenciales de invitado.",HIGH,
CVE-2024-20323,2024-07-17 17:15:12.607,cisco,inode,"Una vulnerabilidad en el software Cisco Intelligent Node (iNode) podría permitir que un atacante remoto no autenticado secuestrara la conexión TLS entre Cisco iNode Manager y los nodos inteligentes asociados y enviara tráfico arbitrario a un dispositivo afectado. Esta vulnerabilidad se debe a la presencia de material criptográfico codificado. Un atacante en una posición intermedia entre Cisco iNode Manager y los nodos implementados asociados podría aprovechar esta vulnerabilidad utilizando la clave criptográfica estática para generar un certificado confiable y hacerse pasar por un dispositivo afectado. Un exploit exitoso podría permitir al atacante leer datos destinados a un dispositivo legítimo, modificar la configuración de inicio de un nodo asociado y, en consecuencia, causar una condición de denegación de servicio (DoS) para los dispositivos posteriores que están conectados al nodo afectado.",HIGH,
CVE-2024-20404,2024-06-05 17:15:11.790,cisco,finesse,Una vulnerabilidad en la interfaz de administración basada en web de Cisco Finesse podría permitir que un atacante remoto no autenticado lleve a cabo un ataque SSRF en un sistema afectado. Esta vulnerabilidad se debe a una validación insuficiente de la entrada proporcionada por el usuario para solicitudes HTTP específicas que se envían a un sistema afectado. Un atacante podría aprovechar esta vulnerabilidad enviando una solicitud HTTP manipulada al dispositivo afectado. Un exploit exitoso podría permitir al atacante obtener información confidencial limitada para los servicios asociados al dispositivo afectado.,HIGH,
CVE-2024-20360,2024-05-22 18:15:09.493,cisco,secure_firewall_management_center,"Una vulnerabilidad en la interfaz de administración basada en web del software Cisco Firepower Management Center (FMC) podría permitir que un atacante remoto autenticado realice ataques de inyección SQL en un sistema afectado. Esta vulnerabilidad existe porque la interfaz de administración basada en web no valida adecuadamente la entrada del usuario. Un atacante podría aprovechar esta vulnerabilidad autenticándose en la aplicación y enviando consultas SQL manipuladas a un sistema afectado. Un exploit exitoso podría permitir al atacante obtener datos de la base de datos, ejecutar comandos arbitrarios en el sistema operativo subyacente y elevar los privilegios a root. Para aprovechar esta vulnerabilidad, un atacante necesitaría al menos credenciales de usuario de sólo lectura.",HIGH,
CVE-2024-20389,2024-05-16 14:15:08.670,cisco,crosswork_network_services_orchestrator,Una vulnerabilidad en la CLI de ConfD y la CLI de Cisco Crosswork Network Services Orchestrator podría permitir que un atacante local autenticado y con pocos privilegios lea y escriba archivos arbitrarios como usuario root en el sistema operativo subyacente. Esta vulnerabilidad se debe a una aplicación incorrecta de la autorización cuando se utilizan comandos CLI específicos. Un atacante podría aprovechar esta vulnerabilidad ejecutando un comando CLI afectado con argumentos creados. Una explotación exitosa podría permitir al atacante leer o escribir archivos arbitrarios en el sistema operativo subyacente con los privilegios del usuario root.,HIGH,
CVE-2024-20326,2024-05-16 14:15:08.420,cisco,confd_basic,Una vulnerabilidad en la CLI de ConfD y la CLI de Cisco Crosswork Network Services Orchestrator podría permitir que un atacante local autenticado y con pocos privilegios lea y escriba archivos arbitrarios como raíz en el sistema operativo subyacente. Esta vulnerabilidad se debe a una aplicación inadecuada de la autorización cuando se utilizan comandos CLI específicos. Un atacante podría aprovechar esta vulnerabilidad ejecutando un comando CLI afectado con argumentos manipulados. Un exploit exitoso podría permitir al atacante leer o escribir archivos arbitrarios en el sistema operativo subyacente con los privilegios del usuario root.,HIGH,
CVE-2024-20366,2024-05-15 18:15:09.440,cisco,network_services_orchestrator,"Una vulnerabilidad en el paquete de funciones Tail-f High Availability Cluster Communications (HCC) de Cisco Crosswork Network Services Orchestrator (NSO) podría permitir a un atacante local autenticado elevar los privilegios a root en un dispositivo afectado. Esta vulnerabilidad existe porque se utiliza una ruta de búsqueda controlada por el usuario para localizar archivos ejecutables. Un atacante podría aprovechar esta vulnerabilidad configurando la aplicación de manera que provoque la ejecución de un archivo malicioso. Un exploit exitoso podría permitir al atacante ejecutar código arbitrario en un dispositivo afectado como usuario root. Para aprovechar esta vulnerabilidad, el atacante necesitaría credenciales válidas en un dispositivo afectado.",HIGH,
CVE-2024-24919,2024-05-28 19:15:10.060,checkpoint,quantum_spark_firmware,"Potencialmente, permitir que un atacante lea cierta información en Check Point Security Gateways una vez conectado a Internet y habilitado con VPN de acceso remoto o software Blades de acceso móvil. Hay disponible una solución de seguridad que mitiga esta vulnerabilidad.",HIGH,
CVE-2024-27784,2024-07-09 16:15:05.470,fortinet,fortiaiops,Las vulnerabilidades de exposición múltiple de información confidencial a un actor no autorizado [CWE-200] en FortiAIOps versión 2.0.0 pueden permitir que un atacante remoto autenticado recupere información confidencial del endpoint API o archivos de registro.,HIGH,
CVE-2024-27782,2024-07-09 16:15:05.017,fortinet,fortiaiops,Múltiples vulnerabilidades de caducidad de sesión insuficiente [CWE-613] en FortiAIOps versión 2.0.0 pueden permitir a un atacante reutilizar tokens de sesión antiguos robados para realizar operaciones no autorizadas a través de solicitudes manipuladas.,HIGH,
CVE-2024-23663,2024-07-09 16:15:04.593,fortinet,fortiextender_firmware,"Un control de acceso inadecuado en Fortinet FortiExtender 4.1.1 - 4.1.9, 4.2.0 - 4.2.6, 5.3.2, 7.0.0 - 7.0.4, 7.2.0 - 7.2.4 y 7.4.0 - 7.4.2 permite a un atacante crear usuarios con privilegios elevados a través de una solicitud HTTP manipulada.",HIGH,
CVE-2023-50178,2024-07-09 16:15:03.390,fortinet,fortiadc,"Una vulnerabilidad de validación de certificado incorrecta [CWE-295] en FortiADC 7.4.0, 7.2.0 hasta 7.2.3, 7.1 todas las versiones, 7.0 todas las versiones, 6.2 todas las versiones, 6.1 todas las versiones y 6.0 todas las versiones puede permitir un atacante remoto y no autenticado para realizar un ataque Man-in-the-Middle en el canal de comunicación entre el dispositivo y varios servidores remotos, como conectores SDN privados y FortiToken Cloud.",HIGH,
CVE-2024-26010,2024-06-11 15:16:04.473,fortinet,fortios,"Un desbordamiento de búfer basado en pila en Fortinet FortiPAM versión 1.2.0, 1.1.0 a 1.1.2, 1.0.0 a 1.0.3, FortiWeb, FortiAuthenticator, FortiSwitchManager versión 7.2.0 a 7.2.3, 7.0.1 a 7.0. 3, FortiOS versión 7.4.0 a 7.4.3, 7.2.0 a 7.2.7, 7.0.0 a 7.0.14, 6.4.0 a 6.4.15, 6.2.0 a 6.2.16, 6.0.0 a 6.0. 18, FortiProxy versión 7.4.0 a 7.4.2, 7.2.0 a 7.2.9, 7.0.0 a 7.0.15, 2.0.0 a 2.0.13, 1.2.0 a 1.2.13, 1.1.0 a 1.1. 6, 1.0.0 a 1.0.7 permite a un atacante ejecutar código o comandos no autorizados a través de paquetes especialmente manipulados.",HIGH,
CVE-2024-23110,2024-06-11 15:16:03.707,fortinet,fortios,"Un desbordamiento de búfer basado en pila en Fortinet FortiOS versión 7.4.0 a 7.4.2, 7.2.0 a 7.2.6, 7.0.0 a 7.0.13, 6.4.0 a 6.4.14, 6.2.0 a 6.2.15, 6.0 todas las versiones permiten al atacante ejecutar código o comandos no autorizados mediante comandos especialmente manipulados",HIGH,
CVE-2024-23670,2024-06-03 10:15:13.523,fortinet,fortiwebmanager,Una autorización inadecuada en Fortinet FortiWebManager versión 7.2.0 y 7.0.0 hasta 7.0.4 y 6.3.0 y 6.2.3 hasta 6.2.4 y 6.0.2 permite al atacante ejecutar código o comandos no autorizados a través de solicitudes HTTP o CLI.,HIGH,
CVE-2024-23668,2024-06-03 10:15:13.320,fortinet,fortiwebmanager,Una autorización inadecuada en Fortinet FortiWebManager versión 7.2.0 y 7.0.0 hasta 7.0.4 y 6.3.0 y 6.2.3 hasta 6.2.4 y 6.0.2 permite al atacante ejecutar código o comandos no autorizados a través de solicitudes HTTP o CLI.,HIGH,
CVE-2024-23667,2024-06-03 10:15:13.100,fortinet,fortiwebmanager,Una autorización inadecuada en Fortinet FortiWebManager versión 7.2.0 y 7.0.0 hasta 7.0.4 y 6.3.0 y 6.2.3 hasta 6.2.4 y 6.0.2 permite al atacante ejecutar código o comandos no autorizados a través de solicitudes HTTP o CLI.,HIGH,
CVE-2024-31491,2024-05-14 17:17:24.197,fortinet,fortisandbox,Una aplicación del lado del cliente de la seguridad del lado del servidor en Fortinet FortiSandbox versión 4.4.0 a 4.4.4 y 4.2.0 a 4.2.6 permite al atacante ejecutar código o comandos no autorizados a través de solicitudes HTTP.,HIGH,
CVE-2024-23105,2024-05-14 17:15:38.967,fortinet,fortiportal,Una vulnerabilidad de uso de fuente menos confiable [CWE-348] en Fortinet FortiPortal versión 7.0.0 a 7.0.6 y versión 7.2.0 a 7.2.1 permite que un ataque no autenticado evite la protección IP a través de paquetes HTTP o HTTPS manipulados.,HIGH,
CVE-2023-46714,2024-05-14 17:15:25.840,fortinet,fortios,Una vulnerabilidad de desbordamiento de búfer en la región stack de la memoria [CWE-121] en Fortinet FortiOS versión 7.2.1 a 7.2.6 y versión 7.4.0 a 7.4.1 permite a un atacante privilegiado sobre la interfaz administrativa ejecutar código o comandos arbitrarios a través de HTTP o Solicitudes HTTP.,HIGH,
CVE-2024-27783,2024-07-09 16:15:05.240,fortinet,fortiaiops,Múltiples vulnerabilidades de Cross Site Request Forgery (CSRF) [CWE-352] en FortiAIOps versión 2.0.0 pueden permitir que un atacante remoto no autenticado realice acciones arbitrarias en nombre de un usuario autenticado engañando a la víctima para que ejecute solicitudes GET maliciosas.,HIGH,
CVE-2024-20375,2024-08-21 17:15:07.303,cisco,unified_communications_manager,"Una vulnerabilidad en la función de procesamiento de llamadas SIP de Cisco Unified Communications Manager (Unified CM) y Cisco Unified Communications Manager Session Management Edition (Unified CM SME) podría permitir que un atacante remoto no autenticado provoque una condición de denegación de servicio (DoS) en un dispositivo afectado. Esta vulnerabilidad se debe a un análisis inadecuado de los mensajes SIP. Un atacante podría aprovechar esta vulnerabilidad enviando un mensaje SIP manipulado a un dispositivo Cisco Unified CM o Cisco Unified CM SME afectado. Un exploit exitoso podría permitir al atacante hacer que el dispositivo se recargue, lo que resultaría en una condición DoS que interrumpa las comunicaciones de los dispositivos de voz y video dependientes.",HIGH,
id,Fecha de creación,Marca,Modelo,Descripción,CVSS_31,CVSS_4
CVE-2024-21762,2024-02-09 09:15:08.087,fortinet,fortiproxy,"Una escritura fuera de los límites en Fortinet FortiOS versiones 7.4.0 a 7.4.2, 7.2.0 a 7.2.6, 7.0.0 a 7.0.13, 6.4.0 a 6.4.14, 6.2.0 a 6.2.15 , 6.0.0 a 6.0.17, y versiones de FortiProxy 7.4.0 a 7.4.2, 7.2.0 a 7.2.8, 7.0.0 a 7.0.14, 2.0.0 a 2.0.13, 1.2.0 a 1.2.13 , 1.1.0 a 1.1.6, 1.0.0 a 1.0.7. Permite al atacante ejecutar código o comandos no autorizados a través de solicitudes específicamente manipuladas",CRITICAL,
CVE-2024-23113,2024-02-15 14:15:46.503,fortinet,fortiproxy,"Un uso de cadena de formato controlada externamente en Fortinet FortiOS versiones 7.4.0 a 7.4.2, 7.2.0 a 7.2.6, 7.0.0 a 7.0.13, FortiProxy versiones 7.4.0 a 7.4.2, 7.2.0 a 7.2.8, 7.0.0 a 7.0.14, versiones de FortiPAM 1.2.0, 1.1.0 a 1.1.2, 1.0.0 a 1.0.3, versiones de FortiSwitchManager 7.2.0 a 7.2.3, 7.0.0 a 7.0. 3 permite al atacante ejecutar código o comandos no autorizados a través de paquetes especialmente manipulados.",CRITICAL,
CVE-2023-42789,2024-03-12 15:15:46.107,fortinet,fortiproxy,"Una escritura fuera de límites en Fortinet FortiOS 7.4.0 a 7.4.1, 7.2.0 a 7.2.5, 7.0.0 a 7.0.12, 6.4.0 a 6.4.14, 6.2.0 a 6.2.15, FortiProxy 7.4.0, 7.2.0 a 7.2.6, 7.0.0 a 7.0.12, 2.0.0 a 2.0.13 permite a un atacante ejecutar código o comandos no autorizados a través de solicitudes HTTP especialmente manipuladas.",CRITICAL,
CVE-2023-47534,2024-03-12 15:15:46.770,fortinet,forticlient_endpoint_management_server,"Una neutralización inadecuada de elementos de fórmula en un archivo csv en Fortinet FortiClientEMS versión 7.2.0 hasta 7.2.2, 7.0.0 hasta 7.0.10, 6.4.0 hasta 6.4.9, 6.2.0 hasta 6.2.9, 6.0.0 hasta 6.0.8 permite al atacante ejecutar código o comandos no autorizados a través de paquetes especialmente manipulados.",CRITICAL,
CVE-2023-48788,2024-03-12 15:15:46.973,fortinet,forticlient_enterprise_management_server,"Una neutralización inadecuada de elementos especiales utilizados en un comando sql (""inyección sql"") en Fortinet FortiClientEMS versión 7.2.0 a 7.2.2, FortiClientEMS 7.0.1 a 7.0.10 permite a un atacante ejecutar código o comandos no autorizados a través de paquetes especialmente manipulados.",CRITICAL,
CVE-2023-45590,2024-04-09 15:15:27.627,fortinet,forticlient,"Un control inadecuado de la generación de código (""inyección de código"") en Fortinet FortiClientLinux versión 7.2.0, 7.0.6 a 7.0.10 y 7.0.3 a 7.0.4 permite a un atacante ejecutar código o comandos no autorizados engañando a un usuario de FortiClientLinux para que visitar un sitio web malicioso",CRITICAL,
CVE-2024-20337,2024-03-06 17:15:09.580,cisco,secure_client,"Una vulnerabilidad en el proceso de autenticación SAML de Cisco Secure Client podría permitir que un atacante remoto no autenticado lleve a cabo un ataque de inyección de avance de línea de retorno de carro (CRLF) contra un usuario. Esta vulnerabilidad se debe a una validación insuficiente de la entrada proporcionada por el usuario. Un atacante podría aprovechar esta vulnerabilidad persuadiendo a un usuario para que haga clic en un enlace manipulado mientras establece una sesión VPN. Un exploit exitoso podría permitir al atacante ejecutar código de script arbitrario en el navegador o acceder a información confidencial basada en el navegador, incluido un token SAML válido. Luego, el atacante podría usar el token para establecer una sesión VPN de acceso remoto con los privilegios del usuario afectado. Los hosts y servicios individuales detrás de la cabecera VPN aún necesitarían credenciales adicionales para un acceso exitoso.",HIGH,
CVE-2024-20338,2024-03-06 17:15:09.783,cisco,secure_client,Una vulnerabilidad en el módulo ISE Posture (System Scan) de Cisco Secure Client para Linux podría permitir que un atacante local autenticado eleve los privilegios en un dispositivo afectado. Esta vulnerabilidad se debe al uso de un elemento de ruta de búsqueda no controlado. Un atacante podría aprovechar esta vulnerabilidad copiando un archivo de librería malicioso en un directorio específico del sistema de archivos y persuadiendo a un administrador para que reinicie un proceso específico. Un exploit exitoso podría permitir al atacante ejecutar código arbitrario en un dispositivo afectado con privilegios de root.,HIGH,
CVE-2024-20320,2024-03-13 17:15:48.193,cisco,ios_xr,Una vulnerabilidad en la función de cliente SSH del software Cisco IOS XR para los enrutadores Cisco de la serie 8000 y los enrutadores Cisco Network Convergence System (NCS) de las series 540 y 5700 podría permitir que un atacante local autenticado eleve los privilegios en un dispositivo afectado. Esta vulnerabilidad se debe a una validación insuficiente de los argumentos que se incluyen con el comando CLI del cliente SSH. Un atacante con acceso con pocos privilegios a un dispositivo afectado podría aprovechar esta vulnerabilidad emitiendo un comando de cliente SSH manipulado a la CLI. Un exploit exitoso podría permitir al atacante elevar los privilegios a root en el dispositivo afectado.,HIGH,
CVE-2024-20327,2024-03-13 17:15:48.593,cisco,ios_xr,"Una vulnerabilidad en la función de terminación de PPP sobre Ethernet (PPPoE) del software Cisco IOS XR para los enrutadores de servicios de agregación Cisco ASR serie 9000 podría permitir que un atacante adyacente no autenticado bloquee el proceso ppp_ma, lo que resultaría en una condición de denegación de servicio (DoS). Esta vulnerabilidad se debe al manejo inadecuado de paquetes PPPoE con formato incorrecto que se reciben en un enrutador que ejecuta la funcionalidad Broadband Network Gateway (BNG) con terminación PPPoE en una tarjeta de línea basada en Lightspeed o Lightspeed-Plus. Un atacante podría aprovechar esta vulnerabilidad enviando un paquete PPPoE manipulado a una interfaz de tarjeta de línea afectada que no termine PPPoE. Un exploit exitoso podría permitir al atacante bloquear el proceso ppp_ma, lo que resultaría en una condición DoS para el tráfico PPPoE a través del enrutador.",HIGH,
CVE-2024-20259,2024-03-27 17:15:50.913,cisco,ios_xe,"Una vulnerabilidad en la función de espionaje DHCP del software Cisco IOS XE podría permitir que un atacante remoto no autenticado provoque que un dispositivo afectado se recargue inesperadamente, lo que resultaría en una condición de denegación de servicio (DoS). Esta vulnerabilidad se debe a que un paquete de solicitud DHCP IPv4 manipulado se maneja mal cuando el análisis de endpoints está habilitado. Un atacante podría aprovechar esta vulnerabilidad enviando una solicitud DHCP manipulada a través de un dispositivo afectado. Un exploit exitoso podría permitir que el atacante provoque que el dispositivo se recargue, lo que resultaría en una condición DoS. Nota: El vector de ataque aparece como red porque una retransmisión DHCP en cualquier lugar de la red podría permitir ataques desde redes distintas a la adyacente.",HIGH,
CVE-2024-20271,2024-03-27 17:15:51.320,cisco,ios_xe,"Una vulnerabilidad en el procesamiento de paquetes IP del software Cisco Access Point (AP) podría permitir que un atacante remoto no autenticado cause una condición de denegación de servicio (DoS) en un dispositivo afectado. Esta vulnerabilidad se debe a una validación de entrada insuficiente de ciertos paquetes IPv4. Un atacante podría aprovechar esta vulnerabilidad enviando un paquete IPv4 manipulado hacia o a través de un dispositivo afectado. Un exploit exitoso podría permitir al atacante hacer que un dispositivo afectado se recargue inesperadamente, lo que resultaría en una condición DoS. Para explotar con éxito esta vulnerabilidad, no es necesario que el atacante esté asociado con el AP afectado. Esta vulnerabilidad no se puede aprovechar enviando paquetes IPv6.",HIGH,
CVE-2024-20276,2024-03-27 17:15:51.513,cisco,ios,"Una vulnerabilidad en el software Cisco IOS para los conmutadores Cisco Catalyst serie 6000 podría permitir que un atacante adyacente no autenticado provoque que un dispositivo afectado se recargue inesperadamente. Esta vulnerabilidad se debe a un manejo inadecuado del tráfico de conmutación de procesos. Un atacante podría aprovechar esta vulnerabilidad enviando tráfico manipulado a un dispositivo afectado. Un exploit exitoso podría permitir al atacante hacer que el dispositivo afectado se recargue, lo que resultaría en una condición de denegación de servicio (DoS).",HIGH,
CVE-2024-20303,2024-03-27 17:15:51.880,cisco,ios_xe,"Una vulnerabilidad en la función de puerta de enlace DNS de multidifusión (mDNS) del software Cisco IOS XE para controladores de LAN inalámbrica (WLC) podría permitir que un atacante adyacente no autenticado provoque una condición de denegación de servicio (DoS). Esta vulnerabilidad se debe a una gestión inadecuada de las entradas del cliente mDNS. Un atacante podría aprovechar esta vulnerabilidad conectándose a la red inalámbrica y enviando un flujo continuo de paquetes mDNS específicos. Un exploit exitoso podría permitir que el atacante haga que el controlador inalámbrico tenga una alta utilización de la CPU, lo que podría llevar a que los puntos de acceso (AP) pierdan su conexión con el controlador y resulte en una condición DoS.",HIGH,
CVE-2024-20311,2024-03-27 17:15:52.463,cisco,ios,"Una vulnerabilidad en la función del Protocolo de separación de ID del localizador (LISP) del software Cisco IOS y del software Cisco IOS XE podría permitir que un atacante remoto no autenticado provoque la recarga de un dispositivo afectado. Esta vulnerabilidad se debe al manejo incorrecto de los paquetes LISP. Un atacante podría aprovechar esta vulnerabilidad enviando un paquete LISP manipulado a un dispositivo afectado. Un exploit exitoso podría permitir al atacante hacer que el dispositivo se recargue, lo que resultaría en una condición de denegación de servicio (DoS). Nota: Esta vulnerabilidad podría explotarse mediante transporte IPv4 o IPv6.",HIGH,
CVE-2024-20314,2024-03-27 17:15:52.920,cisco,ios_xe,"Una vulnerabilidad en la función de nodo de borde de la estructura de acceso definido por software (SD-Access) IPv4 del software Cisco IOS XE podría permitir que un atacante remoto no autenticado cause una alta utilización de la CPU y detenga todo el procesamiento del tráfico, lo que resultaría en una denegación de servicio (DoS). condición en un dispositivo afectado. Esta vulnerabilidad se debe al manejo inadecuado de ciertos paquetes IPv4. Un atacante podría aprovechar esta vulnerabilidad enviando ciertos paquetes IPv4 a un dispositivo afectado. Un exploit exitoso podría permitir al atacante hacer que el dispositivo agote los recursos de la CPU y deje de procesar el tráfico, lo que resultaría en una condición DoS.",HIGH,
CVE-2024-20321,2024-02-29 01:43:59.410,cisco,nx-os,"Una vulnerabilidad en la implementación del protocolo de puerta de enlace de frontera externa (eBGP) del software Cisco NX-OS podría permitir que un atacante remoto no autenticado cause una condición de denegación de servicio (DoS) en un dispositivo afectado. Esta vulnerabilidad existe porque el tráfico eBGP está asignado a una cola limitadora de velocidad de hardware compartida. Un atacante podría aprovechar esta vulnerabilidad enviando grandes cantidades de tráfico de red con determinadas características a través de un dispositivo afectado. Un exploit exitoso podría permitir al atacante provocar la caída de las sesiones vecinas de eBGP, lo que provocaría una condición DoS en la red.",HIGH,
CVE-2024-20308,2024-03-27 18:15:09.853,cisco,ios,"Una vulnerabilidad en el código de fragmentación IKEv1 del software Cisco IOS y Cisco IOS XE podría permitir que un atacante remoto no autenticado provoque un desbordamiento de almacenamiento dinámico, lo que resultaría en la recarga del dispositivo afectado. Esta vulnerabilidad existe porque los paquetes IKEv1 fragmentados y elaborados no se vuelven a ensamblar correctamente. Un atacante podría aprovechar esta vulnerabilidad enviando paquetes UDP manipulados a un sistema afectado. Un exploit exitoso podría permitir al atacante hacer que el dispositivo afectado se recargue, lo que resultaría en una condición de denegación de servicio (DoS). Nota: Sólo el tráfico dirigido al sistema afectado se puede utilizar para aprovechar esta vulnerabilidad. Esta vulnerabilidad puede ser provocada por el tráfico IPv4 e IPv6.",HIGH,
CVE-2024-20281,2024-04-03 17:15:47.740,cisco,nexus_dashboard,"Una vulnerabilidad en la interfaz de administración basada en web de Cisco Nexus Dashboard y los servicios alojados de Cisco Nexus Dashboard podría permitir que un atacante remoto no autenticado lleve a cabo un ataque de falsificación de solicitud entre sitios (CSRF) en un SYSTEM afectado. Esta vulnerabilidad se debe a protecciones CSRF insuficientes para la interfaz de administración basada en web en un SYSTEM afectado. Un atacante podría aprovechar esta vulnerabilidad persuadiendo a un usuario para que haga clic en un enlace malicioso. Un exploit exitoso podría permitir al atacante realizar acciones arbitrarias con el nivel de privilegio del usuario afectado. Si el usuario afectado tiene privilegios administrativos, estas acciones podrían incluir modificar la configuración del SYSTEM y crear nuevas cuentas privilegiadas. Nota: Existen mecanismos de seguridad internos que limitan el alcance de este exploit, lo que reduce la clasificación de impacto en la seguridad de esta vulnerabilidad.",HIGH,
CVE-2024-20348,2024-04-03 17:15:49.310,cisco,nexus_dashboard_fabric_controller,"Una vulnerabilidad en la función Plug and Play (PnP) fuera de banda (OOB) de Cisco Nexus Dashboard Fabric Controller (NDFC) podría permitir que un atacante remoto no autenticado lea archivos arbitrarios. Esta vulnerabilidad se debe a un servidor web de aprovisionamiento no autenticado. Un atacante podría aprovechar esta vulnerabilidad mediante solicitudes web directas al servidor de aprovisionamiento. Un exploit exitoso podría permitir al atacante leer archivos confidenciales en el contenedor PnP, lo que podría facilitar futuros ataques a la infraestructura PnP.",HIGH,
CVE-2024-20353,2024-04-24 19:15:46.723,cisco,adaptive_security_appliance_software,"Una vulnerabilidad en los servidores web de administración y VPN para el software Cisco Adaptive Security Appliance (ASA) y el software Cisco Firepower Threat Defense (FTD) podría permitir que un atacante remoto no autenticado provoque que el dispositivo se recargue inesperadamente, lo que resultaría en una condición de denegación de servicio (DoS). Esta vulnerabilidad se debe a una comprobación de errores incompleta al analizar un encabezado HTTP. Un atacante podría aprovechar esta vulnerabilidad enviando una solicitud HTTP diseñada a un servidor web específico en un dispositivo. Un exploit exitoso podría permitir al atacante provocar una condición DoS cuando el dispositivo se recarga.",HIGH,
CVE-2024-20313,2024-04-24 21:15:46.797,cisco,ios_xe,"Una vulnerabilidad en la característica OSPF versión 2 (OSPFv2) del software Cisco IOS XE podría permitir que un atacante adyacente no autenticado provoque que un dispositivo afectado se recargue inesperadamente, lo que resultaría en una condición de denegación de servicio (DoS). Esta vulnerabilidad se debe a una validación inadecuada de las actualizaciones OSPF procesadas por un dispositivo. Un atacante podría aprovechar esta vulnerabilidad enviando una actualización OSPF con formato incorrecto al dispositivo. Un exploit exitoso podría permitir al atacante hacer que el dispositivo afectado se recargue, lo que resultaría en una condición DoS.",HIGH,
CVE-2024-20366,2024-05-15 18:15:09.440,cisco,network_services_orchestrator,"Una vulnerabilidad en el paquete de funciones Tail-f High Availability Cluster Communications (HCC) de Cisco Crosswork Network Services Orchestrator (NSO) podría permitir a un atacante local autenticado elevar los privilegios a root en un dispositivo afectado. Esta vulnerabilidad existe porque se utiliza una ruta de búsqueda controlada por el usuario para localizar archivos ejecutables. Un atacante podría aprovechar esta vulnerabilidad configurando la aplicación de manera que provoque la ejecución de un archivo malicioso. Un exploit exitoso podría permitir al atacante ejecutar código arbitrario en un dispositivo afectado como usuario root. Para aprovechar esta vulnerabilidad, el atacante necesitaría credenciales válidas en un dispositivo afectado.",HIGH,
CVE-2024-20326,2024-05-16 14:15:08.420,cisco,confd_basic,Una vulnerabilidad en la CLI de ConfD y la CLI de Cisco Crosswork Network Services Orchestrator podría permitir que un atacante local autenticado y con pocos privilegios lea y escriba archivos arbitrarios como raíz en el sistema operativo subyacente. Esta vulnerabilidad se debe a una aplicación inadecuada de la autorización cuando se utilizan comandos CLI específicos. Un atacante podría aprovechar esta vulnerabilidad ejecutando un comando CLI afectado con argumentos manipulados. Un exploit exitoso podría permitir al atacante leer o escribir archivos arbitrarios en el sistema operativo subyacente con los privilegios del usuario root.,HIGH,
CVE-2024-20312,2024-03-27 17:15:52.690,cisco,ios,"Una vulnerabilidad en el protocolo de sistema intermedio a sistema intermedio (IS-IS) del software Cisco IOS y del software Cisco IOS XE podría permitir que un atacante adyacente no autenticado cause una condición de denegación de servicio (DoS) en un dispositivo afectado. Esta vulnerabilidad se debe a una validación de entrada insuficiente al analizar un paquete IS-IS de ingreso. Un atacante podría aprovechar esta vulnerabilidad enviando un paquete IS-IS manipulado a un dispositivo afectado después de formar una adyacencia. Un exploit exitoso podría permitir al atacante hacer que el dispositivo afectado se recargue, lo que resultaría en una condición de denegación de servicio (DoS). Nota: El protocolo IS-IS es un protocolo de enrutamiento. Para aprovechar esta vulnerabilidad, un atacante debe estar en la Capa 2 adyacente al dispositivo afectado y haber formado una adyacencia.",HIGH,
CVE-2024-20267,2024-02-29 01:43:58.370,cisco,nx-os,"Una vulnerabilidad en el manejo del tráfico MPLS para el software Cisco NX-OS podría permitir que un atacante remoto no autenticado provoque que el proceso netstack se reinicie inesperadamente, lo que podría provocar que el dispositivo deje de procesar el tráfico de la red o se recargue. Esta vulnerabilidad se debe a la falta de una verificación de errores adecuada al procesar una trama MPLS de entrada. Un atacante podría aprovechar esta vulnerabilidad enviando un paquete IPv6 manipulado y encapsulado dentro de una trama MPLS a una interfaz habilitada para MPLS del dispositivo objetivo. Un exploit exitoso podría permitir al atacante provocar una condición de denegación de servicio (DoS). Nota: El paquete IPv6 se puede generar a varios saltos del dispositivo de destino y luego encapsularse dentro de MPLS. La condición DoS puede ocurrir cuando el dispositivo NX-OS procesa el paquete.",HIGH,
CVE-2024-31491,2024-05-14 17:17:24.197,fortinet,fortisandbox,Una aplicación del lado del cliente de la seguridad del lado del servidor en Fortinet FortiSandbox versión 4.4.0 a 4.4.4 y 4.2.0 a 4.2.6 permite al atacante ejecutar código o comandos no autorizados a través de solicitudes HTTP.,HIGH,
CVE-2024-24910,2024-04-18 18:15:09.197,checkpoint,identity_agent,"Un atacante local puede escalar privilegios en Check Point ZoneAlarm Extreme Security NextGen, Identity Agent para Windows y Identity Agent para Windows Terminal Server afectados. Para aprovechar esta vulnerabilidad, un atacante primero debe obtener la capacidad de ejecutar código privilegiado local en el sistema de destino.",HIGH,
CVE-2023-45581,2024-02-15 14:15:45.033,fortinet,forticlient_enterprise_management_server,Una vulnerabilidad de administración de privilegios inadecuada [CWE-269] en Fortinet FortiClientEMS versión 7.2.0 a 7.2.2 y anteriores a 7.0.10 permite a un administrador del sitio con privilegios de superadministrador realizar operaciones administrativas globales que afectan a otros sitios a través de solicitudes HTTP o HTTPS manipuladas.,HIGH,
CVE-2023-42791,2024-02-20 14:15:08.030,fortinet,fortimanager,Un path traversal relativo en Fortinet FortiManager versión 7.4.0 y 7.2.0 a 7.2.3 y 7.0.0 a 7.0.8 y 6.4.0 a 6.4.12 y 6.2.0 a 6.2.11 permite al atacante ejecutar código no autorizado o comandos a través de solicitudes HTTP manipuladas.,HIGH,
CVE-2023-29180,2024-02-22 10:15:07.947,fortinet,fortiproxy,"Una desreferencia de puntero nulo en Fortinet FortiOS versión 7.2.0 a 7.2.4, 7.0.0 a 7.0.11, 6.4.0 a 6.4.12, 6.2.0 a 6.2.14, 6.0.0 a 6.0.16, FortiProxy 7.2 .0 a 7.2.3, 7.0.0 a 7.0.10, 2.0.0 a 2.0.12, 1.2.0 a 1.2.13, 1.1.0 a 1.1.6, 1.0.0 a 1.0.7 permite al atacante negar del servicio a través de solicitudes HTTP especialmente manipuladas.",HIGH,
CVE-2023-29181,2024-02-22 10:15:08.140,fortinet,fortiproxy,"Un uso de cadena de formato controlada externamente en Fortinet FortiOS 7.2.0 a 7.2.4, 7.0.0 a 7.0.11, 6.4.0 a 6.4.12, 6.2.0 a 6.2.14, 6.0.0 a 6.0.16 , FortiProxy 7.2.0 a 7.2.4, 7.0.0 a 7.0.10, 2.0.0 a 2.0.12, 1.2.0 a 1.2.13, 1.1.0 a 1.1.6, 1.0.0 a 1.0.7, FortiPAM 1.0.0 a 1.0.3 permite a un atacante ejecutar código o comandos no autorizados mediante un comando especialmente manipulado.",HIGH,
CVE-2023-36554,2024-03-12 15:15:45.693,fortinet,fortimanager,"Un control de acceso inadecuado en Fortinet FortiManager versión 7.4.0, versión 7.2.0 a 7.2.3, versión 7.0.0 a 7.0.10, versión 6.4.0 a 6.4.13, 6.2 todas las versiones permite a un atacante ejecutar código o comandos no autorizados a través de solicitudes HTTP especialmente manipuladas.",HIGH,
CVE-2023-42790,2024-03-12 15:15:46.293,fortinet,fortiproxy,"Un desbordamiento de búfer en la región stack de la memoria  en Fortinet FortiOS 7.4.0 a 7.4.1, 7.2.0 a 7.2.5, 7.0.0 a 7.0.12, 6.4.0 a 6.4.14, 6.2.0 a 6.2.15, FortiProxy 7.4.0, 7.2.0 a 7.2.6, 7.0.0 a 7.0.12, 2.0.0 a 2.0.13 permiten al atacante ejecutar código o comandos no autorizados a través de solicitudes HTTP especialmente manipuladas.",HIGH,
CVE-2023-46717,2024-03-12 15:15:46.487,fortinet,fortios,"Una vulnerabilidad de autenticación incorrecta [CWE-287] en las versiones 7.4.1 y anteriores de FortiOS, las versiones 7.2.6 y siguientes y las versiones 7.0.12 y siguientes cuando se configura con FortiAuthenticator en HA puede permitir que un usuario de solo lectura obtenga acceso de lectura y escritura a través de intentos sucesivos de inicio de sesión.",HIGH,
CVE-2024-23112,2024-03-12 15:15:49.090,fortinet,fortiproxy,"Una omisión de autorización a través de una vulnerabilidad de clave controlada por el usuario [CWE-639] en FortiOS versión 7.4.0 a 7.4.1, 7.2.0 a 7.2.6, 7.0.1 a 7.0.13, 6.4.7 a 6.4.14, y FortiProxy versión 7.4.0 a 7.4.2, 7.2.0 a 7.2.8, 7.0.0 a 7.0.14 SSL-VPN puede permitir que un atacante autenticado obtenga acceso al marcador de otro usuario mediante manipulación de URL.",HIGH,
CVE-2024-24919,2024-05-28 19:15:10.060,checkpoint,quantum_spark_firmware,"Potencialmente, permitir que un atacante lea cierta información en Check Point Security Gateways una vez conectado a Internet y habilitado con VPN de acceso remoto o software Blades de acceso móvil. Hay disponible una solución de seguridad que mitiga esta vulnerabilidad.",HIGH,
CVE-2023-41677,2024-04-09 15:15:27.400,fortinet,fortiproxy,"Credenciales insuficientemente protegidas en Fortinet FortiProxy 7.4.0, 7.2.0 a 7.2.6, 7.0.0 a 7.0.12, 2.0.0 a 2.0.13, 1.2.0 a 1.2.13, 1.1.0 a 1.1.6 , 1.0.0 a 1.0.7, Fortinet FortiOS 7.4.0 a 7.4.1, 7.2.0 a 7.2.6, 7.0.0 a 7.0.12, 6.4.0 a 6.4.14, 6.2.0 a 6.2.15 , 6.0.0 a 6.0.17 permite al atacante ejecutar código o comandos no autorizados mediante un ataque de ingeniería social dirigido",HIGH,
CVE-2024-21756,2024-04-09 15:15:31.173,fortinet,fortisandbox,Una neutralización inadecuada de elementos especiales utilizados en un comando del sistema operativo ('inyección de comando del sistema operativo') en Fortinet FortiSandbox versión 4.4.0 a 4.4.3 y 4.2.0 a 4.2.6 y 4.0.0 a 4.0.4 permite al atacante ejecutar no autorizados código o comandos a través de solicitudes manipuladas.,HIGH,
CVE-2024-23671,2024-04-09 15:15:31.560,fortinet,fortisandbox,"Una limitación inadecuada de un nombre de ruta a un directorio restringido (""path traversal"") en Fortinet FortiSandbox versión 4.4.0 a 4.4.3 y 4.2.0 a 4.2.6 y 4.0.0 a 4.0.4 permite a un atacante ejecutar código no autorizado o comandos a través de solicitudes HTTP manipuladas.",HIGH,
CVE-2024-31492,2024-04-10 13:51:38.607,fortinet,forticlient,"Un control externo de la vulnerabilidad de nombre de archivo o ruta [CWE-73] en FortiClientMac versión 7.2.3 y anteriores, versión 7.0.10 y el instalador inferior puede permitir a un atacante local ejecutar código o comandos arbitrarios escribiendo un archivo de configuración malicioso en /tmp antes de iniciar el proceso de instalación.",HIGH,
CVE-2024-3661,2024-05-06 19:15:11.027,fortinet,forticlient,"Por diseño, el protocolo DHCP no autentica mensajes, incluida, por ejemplo, la opción de ruta estática sin clases (121). Un atacante con la capacidad de enviar mensajes DHCP puede manipular rutas para redirigir el tráfico VPN, lo que le permite leer, interrumpir o posiblemente modificar el tráfico de red que se esperaba que estuviera protegido por la VPN. Muchos, si no la mayoría, de los sistemas VPN basados en enrutamiento IP son susceptibles a este tipo de ataques.",HIGH,
CVE-2023-40720,2024-05-14 17:15:19.067,fortinet,fortivoice,Una omisión de autorización a través de una vulnerabilidad de clave controlada por el usuario [CWE-639] en FortiVoiceEntreprise versión 7.0.0 a 7.0.1 y anteriores a 6.4.8 permite a un atacante autenticado leer la configuración SIP de otros usuarios a través de solicitudes HTTP o HTTPS manipuladas.,HIGH,
CVE-2023-46714,2024-05-14 17:15:25.840,fortinet,fortios,Una vulnerabilidad de desbordamiento de búfer en la región stack de la memoria [CWE-121] en Fortinet FortiOS versión 7.2.1 a 7.2.6 y versión 7.4.0 a 7.4.1 permite a un atacante privilegiado sobre la interfaz administrativa ejecutar código o comandos arbitrarios a través de HTTP o Solicitudes HTTP.,HIGH,
CVE-2024-23105,2024-05-14 17:15:38.967,fortinet,fortiportal,Una vulnerabilidad de uso de fuente menos confiable [CWE-348] en Fortinet FortiPortal versión 7.0.0 a 7.0.6 y versión 7.2.0 a 7.2.1 permite que un ataque no autenticado evite la protección IP a través de paquetes HTTP o HTTPS manipulados.,HIGH,
CVE-2024-20389,2024-05-16 14:15:08.670,cisco,crosswork_network_services_orchestrator,Una vulnerabilidad en la CLI de ConfD y la CLI de Cisco Crosswork Network Services Orchestrator podría permitir que un atacante local autenticado y con pocos privilegios lea y escriba archivos arbitrarios como usuario root en el sistema operativo subyacente. Esta vulnerabilidad se debe a una aplicación incorrecta de la autorización cuando se utilizan comandos CLI específicos. Un atacante podría aprovechar esta vulnerabilidad ejecutando un comando CLI afectado con argumentos creados. Una explotación exitosa podría permitir al atacante leer o escribir archivos arbitrarios en el sistema operativo subyacente con los privilegios del usuario root.,HIGH,
CVE-2024-21755,2024-04-09 15:15:30.977,fortinet,fortisandbox,Una neutralización inadecuada de elementos especiales utilizados en un comando del sistema operativo ('inyección de comando del sistema operativo') en Fortinet FortiSandbox versión 4.4.0 a 4.4.3 y 4.2.0 a 4.2.6 y 4.0.0 a 4.0.4 permite al atacante ejecutar no autorizados código o comandos a través de solicitudes manipuladas.,HIGH,
CVE-2024-20360,2024-05-22 18:15:09.493,cisco,secure_firewall_management_center,"Una vulnerabilidad en la interfaz de administración basada en web del software Cisco Firepower Management Center (FMC) podría permitir que un atacante remoto autenticado realice ataques de inyección SQL en un sistema afectado. Esta vulnerabilidad existe porque la interfaz de administración basada en web no valida adecuadamente la entrada del usuario. Un atacante podría aprovechar esta vulnerabilidad autenticándose en la aplicación y enviando consultas SQL manipuladas a un sistema afectado. Un exploit exitoso podría permitir al atacante obtener datos de la base de datos, ejecutar comandos arbitrarios en el sistema operativo subyacente y elevar los privilegios a root. Para aprovechar esta vulnerabilidad, un atacante necesitaría al menos credenciales de usuario de sólo lectura.",HIGH,
id,Fecha de creación,Marca,Modelo,Descripción,CVSS_31,CVSS_4
CVE-2024-23108,2024-02-05 14:15:57.827,fortinet,fortisiem,Una neutralización inadecuada de elementos especiales utilizados en un comando del sistema operativo ('inyección de comando del sistema operativo') en Fortinet FortiSIEM versión 7.1.0 a 7.1.1 y 7.0.0 a 7.0.2 y 6.7.0 a 6.7.8 y 6.6.0 a través 6.6.3 y 6.5.0 a 6.5.2 y 6.4.0 a 6.4.2 permiten al atacante ejecutar código o comandos no autorizados a través de solicitudes API manipuladas.,CRITICAL,
CVE-2024-23113,2024-02-15 14:15:46.503,fortinet,fortiproxy,"Un uso de cadena de formato controlada externamente en Fortinet FortiOS versiones 7.4.0 a 7.4.2, 7.2.0 a 7.2.6, 7.0.0 a 7.0.13, FortiProxy versiones 7.4.0 a 7.4.2, 7.2.0 a 7.2.8, 7.0.0 a 7.0.14, versiones de FortiPAM 1.2.0, 1.1.0 a 1.1.2, 1.0.0 a 1.0.3, versiones de FortiSwitchManager 7.2.0 a 7.2.3, 7.0.0 a 7.0. 3 permite al atacante ejecutar código o comandos no autorizados a través de paquetes especialmente manipulados.",CRITICAL,
CVE-2023-31488,2024-01-10 20:15:45.330,cisco,ironport_email_security_appliance,"Las versiones de Hyland Perceived Filters anteriores al 8 de diciembre de 2023 (por ejemplo, 11.4.0.2647), tal como se utilizan en el software Cisco IronPort Email Security Appliance, Cisco Secure Email Gateway y varios productos que no son de Cisco, permiten a los atacantes desencadenar un fallo de segmentación y ejecutar código arbitrario a través de un documento manipulado.",CRITICAL,
CVE-2024-21762,2024-02-09 09:15:08.087,fortinet,fortiproxy,"Una escritura fuera de los límites en Fortinet FortiOS versiones 7.4.0 a 7.4.2, 7.2.0 a 7.2.6, 7.0.0 a 7.0.13, 6.4.0 a 6.4.14, 6.2.0 a 6.2.15 , 6.0.0 a 6.0.17, y versiones de FortiProxy 7.4.0 a 7.4.2, 7.2.0 a 7.2.8, 7.0.0 a 7.0.14, 2.0.0 a 2.0.13, 1.2.0 a 1.2.13 , 1.1.0 a 1.1.6, 1.0.0 a 1.0.7. Permite al atacante ejecutar código o comandos no autorizados a través de solicitudes específicamente manipuladas",CRITICAL,
CVE-2024-20253,2024-01-26 18:15:10.970,cisco,unified_communications_manager,"Una vulnerabilidad en múltiples productos Cisco Unified Communications y Contact Center Solutions podría permitir que un atacante remoto no autenticado ejecute código arbitrario en un dispositivo afectado. Esta vulnerabilidad se debe al procesamiento inadecuado de los datos proporcionados por el usuario que se leen en la memoria. Un atacante podría aprovechar esta vulnerabilidad enviando un mensaje manipulado a un puerto de escucha de un dispositivo afectado. Una explotación exitosa podría permitir al atacante ejecutar comandos arbitrarios en el sistema operativo subyacente con los privilegios del usuario de servicios web. Con acceso al sistema operativo subyacente, el atacante también podría establecer acceso root en el dispositivo afectado.",CRITICAL,
CVE-2024-20252,2024-02-07 17:15:09.913,cisco,expressway,"Múltiples vulnerabilidades en Cisco Expressway Series y Cisco TelePresence Video Communication Server (VCS) podrían permitir que un atacante remoto no autenticado realice ataques de cross-site request forgery (CSRF) que realicen acciones arbitrarias en un dispositivo afectado. Nota: ""Serie Cisco Expressway"" se refiere a los dispositivos Cisco Expressway Control (Expressway-C) y Cisco Expressway Edge (Expressway-E). Para obtener más información sobre estas vulnerabilidades, consulte la sección Detalles [""#details""] de este aviso.",CRITICAL,
CVE-2024-23109,2024-02-05 14:15:59.100,fortinet,fortisiem,Una neutralización inadecuada de elementos especiales utilizados en un comando del sistema operativo ('inyección de comando del sistema operativo') en Fortinet FortiSIEM versión 7.1.0 a 7.1.1 y 7.0.0 a 7.0.2 y 6.7.0 a 6.7.8 y 6.6.0 a través 6.6.3 y 6.5.0 a 6.5.2 y 6.4.0 a 6.4.2 permiten al atacante ejecutar código o comandos no autorizados a través de solicitudes API manipuladas.,CRITICAL,
CVE-2023-36553,2023-11-14 18:15:48.093,fortinet,fortisiem,Una neutralización inadecuada de elementos especiales utilizados en un comando del sistema operativo ('inyección de comando del sistema operativo') en Fortinet FortiSIEM versión 5.4.0 y 5.3.0 a 5.3.3 y 5.2.5 a 5.2.8 y 5.2.1 a 5.2.2 y 5.1.0 a 5.1.3 y 5.0.0 a 5.0.1 y 4.10.0 y 4.9.0 y 4.7.2 permiten a un atacante ejecutar código o comandos no autorizados a través de solicitudes API manipuladas.,CRITICAL,
CVE-2023-34991,2023-11-14 18:15:30.443,fortinet,fortiwlm,"Una neutralización inadecuada de elementos especiales utilizados en un comando sql (""inyección sql"") en Fortinet FortiWLM versión 8.6.0 a 8.6.5 y 8.5.0 a 8.5.4 y 8.4.0 a 8.4.2 y 8.3.0 a 8.3 .2 y 8.2.2 permiten a un atacante ejecutar código o comandos no autorizados a través de una solicitud http manipuladas.",CRITICAL,
CVE-2024-20254,2024-02-07 17:15:10.130,cisco,expressway,"Múltiples vulnerabilidades en Cisco Expressway Series y Cisco TelePresence Video Communication Server (VCS) podrían permitir que un atacante remoto no autenticado realice ataques de cross-site request forgery (CSRF) que realicen acciones arbitrarias en un dispositivo afectado. Nota: ""Serie Cisco Expressway"" se refiere a los dispositivos Cisco Expressway Control (Expressway-C) y Cisco Expressway Edge (Expressway-E). Para obtener más información sobre estas vulnerabilidades, consulte la sección Detalles [""#details""] de este aviso.",CRITICAL,
CVE-2024-20255,2024-02-07 17:15:10.327,cisco,expressway,Una vulnerabilidad en la API SOAP de Cisco Expressway Series y Cisco TelePresence Video Communication Server podría permitir que un atacante remoto no autenticado lleve a cabo un ataque de cross-site request forgery (CSRF) en un sistema afectado. Esta vulnerabilidad se debe a protecciones CSRF insuficientes para la interfaz de administración basada en web de un sistema afectado. Un atacante podría aprovechar esta vulnerabilidad persuadiendo a un usuario de la API REST para que siga un enlace manipulado. Un exploit exitoso podría permitir al atacante hacer que el sistema afectado se recargue.,HIGH,
CVE-2024-20290,2024-02-07 17:15:10.517,cisco,secure_endpoint,"Una vulnerabilidad en el analizador de formato de archivo OLE2 de ClamAV podría permitir que un atacante remoto no autenticado provoque una condición de denegación de servicio (DoS) en un dispositivo afectado. Esta vulnerabilidad se debe a una comprobación incorrecta de los valores de fin de cadena durante el análisis, lo que puede provocar una sobrelectura del búfer de almacenamiento dinámico. Un atacante podría aprovechar esta vulnerabilidad enviando un archivo manipulado que contenga contenido OLE2 para que ClamAV lo analice en un dispositivo afectado. Un exploit exitoso podría permitir al atacante provocar que finalice el proceso de escaneo de ClamAV, lo que resultaría en una condición DoS en el software afectado y consumiría los recursos disponibles del sistema. Para obtener una descripción de esta vulnerabilidad, consulte el blog de ClamAV.",HIGH,
CVE-2023-28134,2023-11-12 23:15:09.313,checkpoint,endpoint_security,Un atacante local puede aumentar los privilegios en las instalaciones afectadas de Check Point Harmony Endpoint/ZoneAlarm Extreme Security. Un atacante primero debe obtener la capacidad de ejecutar código con pocos privilegios en el sistema de destino para poder aprovechar esta vulnerabilidad.,HIGH,
CVE-2023-29181,2024-02-22 10:15:08.140,fortinet,fortiproxy,"Un uso de cadena de formato controlada externamente en Fortinet FortiOS 7.2.0 a 7.2.4, 7.0.0 a 7.0.11, 6.4.0 a 6.4.12, 6.2.0 a 6.2.14, 6.0.0 a 6.0.16 , FortiProxy 7.2.0 a 7.2.4, 7.0.0 a 7.0.10, 2.0.0 a 2.0.12, 1.2.0 a 1.2.13, 1.1.0 a 1.1.6, 1.0.0 a 1.0.7, FortiPAM 1.0.0 a 1.0.3 permite a un atacante ejecutar código o comandos no autorizados mediante un comando especialmente manipulado.",HIGH,
CVE-2023-29180,2024-02-22 10:15:07.947,fortinet,fortiproxy,"Una desreferencia de puntero nulo en Fortinet FortiOS versión 7.2.0 a 7.2.4, 7.0.0 a 7.0.11, 6.4.0 a 6.4.12, 6.2.0 a 6.2.14, 6.0.0 a 6.0.16, FortiProxy 7.2 .0 a 7.2.3, 7.0.0 a 7.0.10, 2.0.0 a 2.0.12, 1.2.0 a 1.2.13, 1.1.0 a 1.1.6, 1.0.0 a 1.0.7 permite al atacante negar del servicio a través de solicitudes HTTP especialmente manipuladas.",HIGH,
CVE-2023-42791,2024-02-20 14:15:08.030,fortinet,fortimanager,Un path traversal relativo en Fortinet FortiManager versión 7.4.0 y 7.2.0 a 7.2.3 y 7.0.0 a 7.0.8 y 6.4.0 a 6.4.12 y 6.2.0 a 6.2.11 permite al atacante ejecutar código no autorizado o comandos a través de solicitudes HTTP manipuladas.,HIGH,
CVE-2023-45581,2024-02-15 14:15:45.033,fortinet,forticlient_enterprise_management_server,Una vulnerabilidad de administración de privilegios inadecuada [CWE-269] en Fortinet FortiClientEMS versión 7.2.0 a 7.2.2 y anteriores a 7.0.10 permite a un administrador del sitio con privilegios de superadministrador realizar operaciones administrativas globales que afectan a otros sitios a través de solicitudes HTTP o HTTPS manipuladas.,HIGH,
CVE-2024-20272,2024-01-17 17:15:12.130,cisco,unity_connection,"Una vulnerabilidad en la interfaz de administración basada en web de Cisco Unity Connection podría permitir que un atacante remoto no autenticado cargue archivos arbitrarios en un sistema afectado y ejecute comandos en el sistema operativo subyacente. Esta vulnerabilidad se debe a una falta de autenticación en una API específica y a una validación inadecuada de los datos proporcionados por el usuario. Un atacante podría aprovechar esta vulnerabilidad cargando archivos arbitrarios en un sistema afectado. Una explotación exitosa podría permitir al atacante almacenar archivos maliciosos en el sistema, ejecutar comandos arbitrarios en el sistema operativo y elevar privilegios a root.",HIGH,
CVE-2023-26205,2023-11-14 18:15:28.260,fortinet,fortiadc,"Una vulnerabilidad de control de acceso inadecuado [CWE-284] en la función de automatización FortiADC 7.1.0 a 7.1.2, 7.0 todas las versiones, 6.2 todas las versiones, 6.1 todas las versiones puede permitir que un atacante autenticado con pocos privilegios escale sus privilegios a super_admin a través de una configuración manipulada del script CLI de automatización de fabric.",HIGH,
CVE-2023-46712,2024-01-10 18:15:46.223,fortinet,fortiportal,"Un control de acceso inadecuado en Fortinet FortiPortal versión 7.0.0 a 7.0.6, Fortinet FortiPortal versión 7.2.0 a 7.2.1 permite al atacante escalar su privilegio a través de solicitudes HTTP específicamente manipuladas.",HIGH,
CVE-2023-44250,2024-01-10 18:15:46.030,fortinet,fortiproxy,Una vulnerabilidad de administración de privilegios inadecuada [CWE-269] en un clúster Fortinet FortiOS HA versión 7.4.0 a 7.4.1 y 7.2.5 y en un clúster FortiProxy HA versión 7.4.0 a 7.4.1 permite que un atacante autenticado realice acciones elevadas a través de solicitudes HTTP o HTTPS manipuladas.,HIGH,
CVE-2023-44252,2023-12-13 09:15:34.473,fortinet,fortiwan,** NO COMPATIBLE CUANDO ESTÁ ASIGNADO ** Una vulnerabilidad de autenticación incorrecta [CWE-287] en Fortinet FortiWAN versión 5.2.0 a 5.2.1 y versión 5.1.1 a 5.1.2 puede permitir que un atacante autenticado escale sus privilegios a través de solicitudes HTTP o HTTPs con valores de token JWT manipulados.,HIGH,
CVE-2023-44251,2023-12-13 09:15:34.280,fortinet,fortiwan,"** NO COMPATIBLE CUANDO SE ASIGNA ** Una limitación inadecuada de un nombre de ruta a una vulnerabilidad de directorio restringido (""path traversal"") [CWE-22] en Fortinet FortiWAN versión 5.2.0 a 5.2.1 y versión 5.1.1. hasta 5.1.2 puede permitir que un atacante autenticado lea y elimine archivos arbitrarios del sistema a través de solicitudes HTTP o HTTP manipuladas.",HIGH,
CVE-2023-48791,2023-12-13 07:15:28.980,fortinet,fortiportal,"Una neutralización inadecuada de elementos especiales utilizados en una vulnerabilidad de comando ('Inyección de comando') [CWE-77] en FortiPortal versión 7.2.0, versión 7.0.6 y anteriores puede permitir que un atacante remoto autenticado con al menos permiso R/W ejecute comandos no autorizados a través de argumentos específicamente manipulados en el campo de la página Programar Copia de Seguridad del Sistema.",HIGH,
CVE-2023-48782,2023-12-13 07:15:27.480,fortinet,fortiwlm,Una neutralización inadecuada de elementos especiales utilizados en un comando del sistema operativo ('inyección de comando del sistema operativo') en Fortinet FortiWLM versión 8.6.0 a 8.6.5 permite al atacante ejecutar código o comandos no autorizados a través de parámetros de solicitud http get específicamente manipulados,HIGH,
CVE-2023-41678,2023-12-13 07:15:17.317,fortinet,fortios,"Un doble gratuito en las versiones Fortinet FortiOS 7.0.0 a 7.0.5, FortiPAM versión 1.0.0 a 1.0.3, 1.1.0 a 1.1.1 permite a un atacante ejecutar código o comandos no autorizados a través de una solicitud específicamente manipulada.",HIGH,
CVE-2023-41673,2023-12-13 07:15:15.860,fortinet,fortiadc,Una vulnerabilidad de autorización inadecuada [CWE-285] en Fortinet FortiADC versión 7.4.0 y anteriores a 7.2.2 puede permitir que un usuario con pocos privilegios lea o haga una copia de seguridad de la configuración completa del sistema a través de solicitudes HTTP o HTTPS.,HIGH,
CVE-2023-36639,2023-12-13 07:15:12.900,fortinet,fortiproxy,"Un uso de cadena de formato controlada externamente en Fortinet FortiProxy versiones 7.2.0 a 7.2.4, 7.0.0 a 7.0.10, versiones de FortiOS 7.4.0, 7.2.0 a 7.2.4, 7.0.0 a 7.0.11, 6.4.0 a 6.4.12, 6.2.0 a 6.2.15, 6.0.0 a 6.0.17, las versiones de FortiPAM 1.0.0 a 1.0.3 permiten al atacante ejecutar código o comandos no autorizados a través de solicitudes API especialmente manipuladas.",HIGH,
CVE-2022-27488,2023-12-13 07:15:10.910,fortinet,fortiai,"Cross-Site Request Forgery (CSRF) en Fortinet FortiVoiceEnterprise versión 6.4.x, 6.0.x, FortiSwitch versión 7.0.0 a 7.0.4, 6.4.0 a 6.4.10, 6.2.0 a 6.2.7, 6.0.x , FortiMail versión 7.0.0 a 7.0.3, 6.4.0 a 6.4.6, 6.2.x, 6.0.x FortiRecorder versión 6.4.0 a 6.4.2, 6.0.x, 2.7.x, 2.6.x, FortiNDR versión 1.xx permite que un atacante remoto no autenticado ejecute comandos en la CLI engañando a un administrador autenticado para que ejecute solicitudes GET maliciosas.",HIGH,
CVE-2022-40681,2023-11-14 19:15:12.803,fortinet,forticlient,"Una autorización incorrecta en Fortinet FortiClient (Windows) 7.0.0 - 7.0.7, 6.4.0 - 6.4.9, 6.2.0 - 6.2.9 y 6.0.0 - 6.0.10 permite a un atacante provocar denegación de servicio mediante envío una solicitud manipulada para una canalización con nombre específico.",HIGH,
CVE-2023-42783,2023-11-14 18:15:53.853,fortinet,fortiwlm,Path Traversal relativo en Fortinet FortiWLM versión 8.6.0 a 8.6.5 y 8.5.0 a 8.5.4 y 8.4.2 a 8.4.0 y 8.3.2 a 8.3.0 y 8.2.2 permite al atacante leer archivos arbitrarios a través de solicitudes http manipuladas.,HIGH,
CVE-2023-41840,2023-11-14 18:15:53.240,fortinet,forticlient,Una vulnerabilidad de ruta de búsqueda no confiable en Fortinet FortiClientWindows 7.0.9 permite a un atacante realizar un ataque de DLL Hijack a través de una librería de motor OpenSSL malicioso en la ruta de búsqueda.,HIGH,
CVE-2024-20267,2024-02-29 01:43:58.370,cisco,nx-os,"Una vulnerabilidad en el manejo del tráfico MPLS para el software Cisco NX-OS podría permitir que un atacante remoto no autenticado provoque que el proceso netstack se reinicie inesperadamente, lo que podría provocar que el dispositivo deje de procesar el tráfico de la red o se recargue. Esta vulnerabilidad se debe a la falta de una verificación de errores adecuada al procesar una trama MPLS de entrada. Un atacante podría aprovechar esta vulnerabilidad enviando un paquete IPv6 manipulado y encapsulado dentro de una trama MPLS a una interfaz habilitada para MPLS del dispositivo objetivo. Un exploit exitoso podría permitir al atacante provocar una condición de denegación de servicio (DoS). Nota: El paquete IPv6 se puede generar a varios saltos del dispositivo de destino y luego encapsularse dentro de MPLS. La condición DoS puede ocurrir cuando el dispositivo NX-OS procesa el paquete.",HIGH,
CVE-2024-20321,2024-02-29 01:43:59.410,cisco,nx-os,"Una vulnerabilidad en la implementación del protocolo de puerta de enlace de frontera externa (eBGP) del software Cisco NX-OS podría permitir que un atacante remoto no autenticado cause una condición de denegación de servicio (DoS) en un dispositivo afectado. Esta vulnerabilidad existe porque el tráfico eBGP está asignado a una cola limitadora de velocidad de hardware compartida. Un atacante podría aprovechar esta vulnerabilidad enviando grandes cantidades de tráfico de red con determinadas características a través de un dispositivo afectado. Un exploit exitoso podría permitir al atacante provocar la caída de las sesiones vecinas de eBGP, lo que provocaría una condición DoS en la red.",HIGH,
id,Fecha de creación,Marca,Modelo,Descripción,CVSS_31,CVSS_4
CVE-2023-20252,2023-09-27 18:15:11.553,cisco,catalyst_sd-wan_manager,Una vulnerabilidad en las API del Security Assertion Markup Language (SAML) del software Cisco Catalyst SD-WAN Manager podría permitir que un atacante remoto no autenticado obtenga acceso no autorizado a la aplicación como un usuario arbitrario. Esta vulnerabilidad se debe a comprobaciones de autenticación incorrectas para las API de SAML. Un atacante podría aprovechar esta vulnerabilidad enviando solicitudes directamente a la API SAML. Un exploit exitoso podría permitir al atacante generar un token de autorización suficiente para obtener acceso a la aplicación.,CRITICAL,
CVE-2023-36550,2023-10-10 17:15:12.017,fortinet,fortiwlm,Una neutralización inadecuada de elementos especiales utilizados en un comando del sistema operativo ('inyección de comando del sistema operativo') en Fortinet FortiWLM versión 8.6.0 a 8.6.5 y 8.5.0 a 8.5.4 permite al atacante ejecutar código o comandos no autorizadosa través de parámetros de solicitud HTTP get específicamente manipulados.,CRITICAL,
CVE-2023-20048,2023-11-01 18:15:08.907,cisco,secure_firewall_management_center,"Una vulnerabilidad en la interfaz de servicios web del software Cisco Firepower Management Center (FMC) podría permitir que un atacante remoto autenticado ejecute ciertos comandos de configuración no autorizados en un dispositivo Firepower Threat Defense (FTD) administrado por el software FMC. Esta vulnerabilidad se debe a una autorización insuficiente de los comandos de configuración que se envían a través de la interfaz del servicio web. Un atacante podría aprovechar esta vulnerabilidad autenticándose en la interfaz de servicios web de FMC y enviando una solicitud HTTP manipulada a un dispositivo afectado. Un exploit exitoso podría permitir al atacante ejecutar ciertos comandos de configuración en el dispositivo FTD objetivo. Para explotar con éxito esta vulnerabilidad, un atacante necesitaría credenciales válidas en el software FMC.",CRITICAL,
CVE-2023-36553,2023-11-14 18:15:48.093,fortinet,fortisiem,Una neutralización inadecuada de elementos especiales utilizados en un comando del sistema operativo ('inyección de comando del sistema operativo') en Fortinet FortiSIEM versión 5.4.0 y 5.3.0 a 5.3.3 y 5.2.5 a 5.2.8 y 5.2.1 a 5.2.2 y 5.1.0 a 5.1.3 y 5.0.0 a 5.0.1 y 4.10.0 y 4.9.0 y 4.7.2 permiten a un atacante ejecutar código o comandos no autorizados a través de solicitudes API manipuladas.,CRITICAL,
CVE-2023-34991,2023-11-14 18:15:30.443,fortinet,fortiwlm,"Una neutralización inadecuada de elementos especiales utilizados en un comando sql (""inyección sql"") en Fortinet FortiWLM versión 8.6.0 a 8.6.5 y 8.5.0 a 8.5.4 y 8.4.0 a 8.4.2 y 8.3.0 a 8.3 .2 y 8.2.2 permiten a un atacante ejecutar código o comandos no autorizados a través de una solicitud http manipuladas.",CRITICAL,
CVE-2023-20238,2023-09-06 18:15:08.043,cisco,broadworks_application_delivery_platform,"Una vulnerabilidad en la implementación del inicio de sesión único (SSO) de Cisco BroadWorks Application Delivery Platform y Cisco BroadWorks Xtended Services Platform podría permitir que un atacante remoto no autenticado falsifique las credenciales necesarias para acceder a un sistema afectado. Esta vulnerabilidad se debe al método utilizado para validar los tokens de SSO. Un atacante podría aprovechar esta vulnerabilidad autenticándose en la aplicación con credenciales falsificadas. Un exploit exitoso podría permitir al atacante cometer fraude telefónico o ejecutar comandos en el nivel de privilegio de la cuenta falsificada. Si esa cuenta es una cuenta de administrador, el atacante tendría la capacidad de ver información confidencial, modificar la configuración del cliente o modificar la configuración de otros usuarios. Para aprovechar esta vulnerabilidad, el atacante necesitaría una identificación de usuario válida asociada con un sistema Cisco BroadWorks afectado.",CRITICAL,
CVE-2023-20101,2023-10-04 17:15:09.837,cisco,emergency_responder,"Una vulnerabilidad en Cisco Emergency Responder podría permitir que un atacante remoto no autenticado inicie sesión en un dispositivo afectado utilizando la cuenta de root, que tiene credenciales estáticas predeterminadas que no se pueden cambiar ni eliminar. Esta vulnerabilidad se debe a la presencia de credenciales de usuario estáticas para la cuenta de root que normalmente están reservadas para su uso durante el desarrollo. Un atacante podría aprovechar esta vulnerabilidad utilizando la cuenta para iniciar sesión en un sistema afectado. Un exploit exitoso podría permitir al atacante iniciar sesión en el sistema afectado y ejecutar comandos arbitrarios como usuario root.",CRITICAL,
CVE-2023-36548,2023-10-10 17:15:11.890,fortinet,fortiwlm,Una neutralización inadecuada de elementos especiales utilizados en un comando del sistema operativo ('inyección de comando del sistema operativo') en Fortinet FortiWLM versión 8.6.0 a 8.6.5 y 8.5.0 a 8.5.4 permite al atacante ejecutar código o comandos no autorizados a través de parámetros de solicitud HTTP get específicamente manipulados.,CRITICAL,
CVE-2023-34992,2023-10-10 17:15:11.607,fortinet,fortisiem,Una neutralización inadecuada de elementos especiales utilizados en un comando del sistema operativo ('inyección de comando del sistema operativo') en Fortinet FortiSIEM versión 7.0.0 y 6.7.0 a 6.7.5 y 6.6.0 a 6.6.3 y 6.5.0 a 6.5.1 y Las versiones 6.4.0 a 6.4.2 permiten al atacante ejecutar código o comandos no autorizados a través de solicitudes API manipuladas.,CRITICAL,
CVE-2023-34993,2023-10-10 17:15:11.670,fortinet,fortiwlm,Una neutralización inadecuada de elementos especiales utilizados en un comando del sistema operativo ('inyección de comando del sistema operativo') en Fortinet FortiWLM versión 8.6.0 a 8.6.5 y 8.5.0 a 8.5.4 permite al atacante ejecutar código o comandos no autorizados a través de parámetros de solicitud HTTP get específicamente manipulados.,CRITICAL,
CVE-2023-36547,2023-10-10 17:15:11.827,fortinet,fortiwlm,Una neutralización inadecuada de elementos especiales utilizados en un comando del sistema operativo ('inyección de comando del sistema operativo') en Fortinet FortiWLM versión 8.6.0 a 8.6.5 y 8.5.0 a 8.5.4 permite al atacante ejecutar código o comandos no autorizados a través de parámetros de solicitud HTTP get específicamente manipulados.,CRITICAL,
CVE-2023-36635,2023-09-07 13:15:08.433,fortinet,fortiswitchmanager,"Un control de acceso incorrecto en Fortinet FortiSwitchManager, versiones 7.2.0 a 7.2.2 y versiones 7.0.0 a 7.0.1, puede permitir que un usuario remoto autenticado con permisos de solo lectura modifique la configuración de la interfaz a través de la API.",HIGH,
CVE-2023-20186,2023-09-27 18:15:11.050,cisco,ios,"Una vulnerabilidad en la función Authentication, Authorization, and Accounting (AAA) del software Cisco IOS y del software Cisco IOS XE podría permitir a un atacante remoto autenticado eludir la autorización de ejecución de comandos y copiar archivos hacia o desde el sistema de archivos de un dispositivo afectado utilizando la función Secure Copy Protocol (SCP). Esta vulnerabilidad se debe al procesamiento incorrecto de los comandos SCP en las comprobaciones de autorización de comandos AAA. Un atacante con credenciales válidas y privilegios de nivel 15 podría aprovechar esta vulnerabilidad utilizando SCP para conectarse a un dispositivo afectado desde una máquina externa. Un exploit exitoso podría permitir al atacante obtener o cambiar la configuración del dispositivo afectado y colocar o recuperar archivos del dispositivo afectado.",HIGH,
CVE-2023-20034,2023-09-27 18:15:10.793,cisco,sd-wan,Una vulnerabilidad en la base de datos de Elasticsearch utilizada en el software Cisco SD-WAN vManage podría permitir que un atacante remoto no autenticado acceda a la base de datos de configuración de Elasticsearch de un dispositivo afectado con los privilegios del usuario de elasticsearch. Esta vulnerabilidad se debe a la presencia de un nombre de usuario y una contraseña estáticos configurados en vManage. Un atacante podría aprovechar esta vulnerabilidad enviando una solicitud HTTP manipulada a un vManage accesible en el puerto 9200. Una explotación exitosa podría permitir al atacante ver el contenido de la base de datos de Elasticsearch. Existen workarounds que abordan esta vulnerabilidad.,HIGH,
CVE-2023-20033,2023-09-27 18:15:10.687,cisco,ios_xe,"Una vulnerabilidad en el software Cisco IOS XE para los Switches Cisco Catalyst 3650 y Catalyst 3850 Series podría permitir que un atacante remoto no autenticado provoque que un dispositivo afectado se recargue inesperadamente, lo que resultaría en una condición de denegación de servicio (DoS). Esta vulnerabilidad se debe a una gestión inadecuada de los recursos al procesar el tráfico que se recibe en la interfaz de gestión. Un atacante podría aprovechar esta vulnerabilidad enviando una alta tasa de tráfico a la interfaz de administración. Un exploit exitoso podría permitir que el atacante provoque que el dispositivo se recargue, lo que resultaría en una condición DoS.",HIGH,
CVE-2023-20243,2023-09-06 18:15:08.133,cisco,identity_services_engine,"Una vulnerabilidad en el procesamiento de mensajes en RADIUS de Cisco Identity Services Engine (ISE) podría permitir a un atacante remoto no autenticado causar que el sistema afectado deje de procesar paquetes. Esta vulnerabilidad es debido al manejo inapropiado de determinadas peticiones. Un atacante podría explotar esta vulnerabilidad mediante el envío de una petición de autenticación a un dispositivo de acceso a la red (NAD)que use Cisco ISE para la autenticación. autorización y contabilidad (AAA). Esto eventualmente daría como resultado que el NAD envíe un paquete de solicitud de contabilidad RADIUS a Cisco ISE. Un atacante también podría aprovechar esta vulnerabilidad enviando un paquete de solicitud de contabilidad RADIUS manipulado a Cisco ISE si el secreto compartido de Radius es conocido. Un exploit exitoso podría permitir que el atacante haga que el proceso RADIUS se reinicie inesperadamente, lo que provocaría tiempos de espera de autenticación o autorización y negaría a los usuarios legítimos el acceso a la red o al servicio. Los clientes ya autenticados en la red no se verían afectados. Nota: Para recuperar la capacidad de procesar paquetes RADIUS, es posible que sea necesario reiniciar manualmente el nodo de servicio de políticas (PSN) afectado. Para obtener más información, consulte la sección Detalles [""#details""] de este aviso.",HIGH,
CVE-2023-20200,2023-08-23 19:15:08.020,cisco,firepower_9300_firmware,cpe:2.3:o:cisco:firepower_9300_firmware:-:*:*:*:*:*:*:*,HIGH,
CVE-2023-20169,2023-08-23 19:15:07.893,cisco,nx-os,cpe:2.3:o:cisco:nx-os:10.3\(2\):*:*:*:*:*:*:*,HIGH,
CVE-2023-20168,2023-08-23 19:15:07.777,cisco,nx-os,cpe:2.3:o:cisco:nx-os:9.3\(11\):*:*:*:*:*:*:*,HIGH,
CVE-2023-20212,2023-08-18 20:15:09.773,cisco,secure_endpoint,"Una vulnerabilidad en el módulo AutoIt de ClamAV podría permitir a un atacante remoto no autenticado causar una condición de denegación de servicio (DoS) en un dispositivo afectado. Esta vulnerabilidad se debe a un error lógico en la gestión de memoria de un dispositivo afectado. Un atacante podría explotar esta vulnerabilidad enviando un archivo AutoIt manipulado para ser escaneado por ClamAV en el dispositivo afectado. Un exploit exitoso podría permitir al atacante causar que el proceso de escaneo de ClamAV se reinicie inesperadamente, resultando en una condición de DoS. ",HIGH,
CVE-2023-20187,2023-09-27 18:15:11.117,cisco,ios_xe,"Una vulnerabilidad en la función Multicast Leaf Recycle Elimination (mLRE) del software Cisco IOS XE para los Routers de Servicios de Agregación Cisco ASR serie 1000 podría permitir que un atacante remoto no autenticado provoque que el dispositivo afectado se recargue, lo que resultaría en una condición de denegación de servicio (DoS). Esta vulnerabilidad se debe al manejo incorrecto de ciertos paquetes de multidifusión IPv6 cuando se distribuyen más de siete veces en un dispositivo afectado. Un atacante podría aprovechar esta vulnerabilidad enviando un paquete específico de multidifusión IPv6 o VPN de multidifusión IPv6 (MVPNv6) a través del dispositivo afectado. Un exploit exitoso podría permitir al atacante provocar una recarga del dispositivo afectado, lo que resultaría en una condición DoS.",HIGH,
CVE-2023-20223,2023-09-27 18:15:11.240,cisco,dna_center,Una vulnerabilidad en Cisco DNA Center podría permitir que un atacante remoto no autenticado lea y modifique datos en un repositorio que pertenece a un servicio interno en un dispositivo afectado. Esta vulnerabilidad se debe a una aplicación insuficiente del control de acceso en las solicitudes de API. Un atacante podría aprovechar esta vulnerabilidad enviando una solicitud API manipulada a un dispositivo afectado. Un exploit exitoso podría permitir al atacante leer y modificar datos manejados por un servicio interno en el dispositivo afectado.,HIGH,
CVE-2023-20253,2023-09-27 18:15:11.620,cisco,catalyst_sd-wan_manager,Una vulnerabilidad en la interfaz de administración de la interfaz de línea de comandos (CLI) de Cisco SD-WAN vManage podría permitir que un atacante local autenticado omita la autorización y le permita revertir la configuración en los controladores vManage y el dispositivo edge router. Esta vulnerabilidad se debe a un control de acceso inadecuado en la interfaz de administración de CLI de un sistema afectado. Un atacante con acceso con privilegios bajos (solo lectura) al CLI podría aprovechar esta vulnerabilidad enviando una solicitud para revertir la configuración de otros controladores y dispositivos administrados por un sistema afectado. Un exploit exitoso podría permitir al atacante revertir la configuración de otros controladores y dispositivos administrados por un sistema afectado.,HIGH,
CVE-2023-20227,2023-09-27 18:15:11.370,cisco,ios_xe,"Una vulnerabilidad en la función Layer 2 Tunneling Protocol (L2TP) del software Cisco IOS XE podría permitir que un atacante remoto no autenticado cause una condición de denegación de servicio (DoS) en un dispositivo afectado. Esta vulnerabilidad se debe al manejo inadecuado de ciertos paquetes L2TP. Un atacante podría aprovechar esta vulnerabilidad enviando paquetes L2TP manipulados a un dispositivo afectado. Un exploit exitoso podría permitir que el atacante haga que el dispositivo se recargue inesperadamente, lo que resultaría en una condición DoS. Nota: Solo se puede utilizar el tráfico dirigido al sistema afectado para aprovechar esta vulnerabilidad.",HIGH,
CVE-2023-20231,2023-09-27 18:15:11.430,cisco,ios_xe,Una vulnerabilidad en la interfaz de usuario web del software Cisco IOS XE podría permitir que un atacante remoto autenticado realice un ataque de inyección contra un dispositivo afectado. Esta vulnerabilidad se debe a una validación de entrada insuficiente. Un atacante podría aprovechar esta vulnerabilidad enviando datos manipulados a la interfaz de usuario web. Un exploit exitoso podría permitir al atacante ejecutar comandos arbitrarios al CLI del Cisco IOS XE con privilegios de nivel 15. Nota: Esta vulnerabilidad solo se puede explotar si el atacante obtiene las credenciales de una cuenta de Lobby Ambassador. Esta cuenta no está configurada de forma predeterminada.,HIGH,
CVE-2023-20229,2023-08-16 22:15:12.213,cisco,duo_device_health_application,cpe:2.3:a:cisco:duo_device_health_application:*:*:*:*:*:windows:*:*,HIGH,
CVE-2023-20254,2023-09-27 18:15:11.690,cisco,sd-wan_manager,"Una vulnerabilidad en el sistema de gestión de sesiones de la función multiinquilino de Cisco Catalyst SD-WAN Manager podría permitir que un atacante remoto autenticado acceda a otro tenant que está siendo administrado por la misma instancia de Cisco Catalyst SD-WAN Manager. Esta vulnerabilidad requiere que esté habilitada la función multi-tenant. Esta vulnerabilidad se debe a una gestión insuficiente de la sesión de usuario dentro del sistema Cisco Catalyst SD-WAN Manager. Un atacante podría aprovechar esta vulnerabilidad enviando una solicitud manipulada a un sistema afectado. Un exploit exitoso podría permitir al atacante obtener acceso no autorizado a información sobre otro tenant, realizar cambios en la configuración o posiblemente desconectar a un tenant, provocando una condición de denegación de servicio.",HIGH,
CVE-2023-20259,2023-10-04 17:15:09.990,cisco,emergency_responder,"Una vulnerabilidad en un endpoint de la API de múltiples productos de Comunicaciones Unificadas de Cisco podría permitir que un atacante remoto no autenticado provoque una alta utilización de la CPU, lo que podría afectar el acceso a la interfaz de administración basada en web y causar retrasos en el procesamiento de llamadas. Esta API no se utiliza para la administración de dispositivos y es poco probable que se utilice en las operaciones normales del dispositivo. Esta vulnerabilidad se debe a una autenticación de API incorrecta y a una validación incompleta de la solicitud. Un atacante podría aprovechar esta vulnerabilidad enviando una solicitud HTTP manipulada a una API específica en el dispositivo. Un exploit exitoso podría permitir que el atacante cause una condición de denegación de servicio (DoS) debido a una alta utilización de la CPU, lo que podría afectar negativamente al tráfico de usuarios y al acceso de administración. Cuando el ataque cese, el dispositivo se recuperará sin intervención manual.",HIGH,
CVE-2023-20273,2023-10-25 18:17:23.017,cisco,ios_xe,Una vulnerabilidad en la función de interfaz de usuario web del software Cisco IOS XE podría permitir que un atacante remoto autenticado inyecte comandos con privilegios de root. Esta vulnerabilidad se debe a una validación de entrada insuficiente. Un atacante podría aprovechar esta vulnerabilidad enviando datos manipulados a la interfaz de usuario web. Un exploit exitoso podría permitir al atacante inyectar comandos al sistema operativo subyacente con privilegios de root.,HIGH,
CVE-2023-20086,2023-11-01 17:15:11.057,cisco,adaptive_security_appliance_software,"Una vulnerabilidad en el procesamiento ICMPv6 del software Cisco Adaptive Security Appliance (ASA) y el software Cisco Firepower Threat Defense (FTD) podría permitir que un atacante remoto no autenticado provoque una condición de Denegación de Servicio (DoS). Esta vulnerabilidad se debe a un procesamiento inadecuado de mensajes ICMPv6. Un atacante podría aprovechar esta vulnerabilidad enviando mensajes ICMPv6 manipulados a un sistema Cisco ASA o FTD objetivo con IPv6 habilitado. Un exploit exitoso podría permitir que el atacante provoque que el dispositivo se recargue, lo que resultaría en una condición DoS.",HIGH,
CVE-2023-20155,2023-11-01 17:15:11.217,cisco,secure_firewall_management_center,"Una vulnerabilidad en una API de registro en el software Cisco Firepower Management Center (FMC) podría permitir que un atacante remoto no autenticado haga que el dispositivo deje de responder o desencadene una recarga inesperada. Esta vulnerabilidad también podría permitir que un atacante con credenciales de usuario válidas, pero sin privilegios de administrador, vea un archivo de registro del sistema al que normalmente no tendría acceso. Esta vulnerabilidad se debe a la falta de limitación de la velocidad de las solicitudes que se envían a una API específica relacionada con un registro FMC. Un atacante podría aprovechar esta vulnerabilidad enviando una alta tasa de solicitudes HTTP a la API. Un exploit exitoso podría permitir al atacante causar una condición de Denegación de Servicio (DoS) debido a que la CPU del FMC alcanza el 100 por ciento de utilización o a que el dispositivo se recarga. La utilización de la CPU volvería a la normalidad si el tráfico de ataque se detuviera antes de que se desencadenara una recarga inesperada.",HIGH,
CVE-2023-20244,2023-11-01 17:15:11.577,cisco,firepower_threat_defense,"Una vulnerabilidad en el procesamiento interno de paquetes del software Cisco Firepower Threat Defense (FTD) para los firewalls Cisco Firepower serie 2100 podría permitir que un atacante remoto no autenticado cause una condición de Denegación de Servicio (DoS) en un dispositivo afectado. Esta vulnerabilidad se debe al manejo inadecuado de ciertos paquetes cuando se envían al motor de inspección. Un atacante podría aprovechar esta vulnerabilidad enviando una serie de paquetes manipulados a un dispositivo afectado. Un exploit exitoso podría permitir al atacante agotar los bloques de 9472 bytes del dispositivo, lo que provocaría una pérdida de tráfico en el dispositivo o una recarga inesperada del mismo. Si el dispositivo no se recarga por sí solo, será necesaria una recarga manual del dispositivo para recuperarse de este estado.",HIGH,
CVE-2023-20063,2023-11-01 18:15:08.967,cisco,firepower_threat_defense,"Una vulnerabilidad en los mecanismos de comunicación entre dispositivos entre los dispositivos que ejecutan el software Cisco Firepower Threat Defense (FTD) y los dispositivos que ejecutan el software Cisco Firepower Management (FMC) podría permitir que un atacante local autenticado ejecute comandos arbitrarios con permisos de root en el sistema operativo subyacente de un dispositivo afectado. Esta vulnerabilidad se debe a una validación insuficiente de la entrada proporcionada por el usuario. Un atacante podría aprovechar esta vulnerabilidad accediendo al modo experto de un dispositivo afectado y enviando comandos específicos a un sistema conectado. Un exploit exitoso podría permitir al atacante ejecutar código arbitrario en el contexto de un dispositivo FMC si el atacante tiene privilegios administrativos en un dispositivo FTD asociado. Alternativamente, un exploit exitoso podría permitir al atacante ejecutar código arbitrario en el contexto de un dispositivo FTD si el atacante tiene privilegios administrativos en un dispositivo FMC asociado.",HIGH,
CVE-2023-20083,2023-11-01 18:15:09.143,cisco,firepower_threat_defense,"Una vulnerabilidad en la inspección ICMPv6 cuando se configura con el motor de detección Snort 2 para el software Cisco Firepower Threat Defense (FTD) podría permitir que un atacante remoto no autenticado haga que la CPU de un dispositivo afectado aumente al 100 por ciento, lo que podría detener todo el procesamiento del tráfico y resultar en una condición de Denegación de Servicio (DoS). El tráfico de gestión de FTD no se ve afectado por esta vulnerabilidad. Esta vulnerabilidad se debe a una comprobación incorrecta de errores al analizar campos dentro del encabezado ICMPv6. Un atacante podría aprovechar esta vulnerabilidad enviando un paquete ICMPv6 manipulado a través de un dispositivo afectado. Un exploit exitoso podría permitir al atacante hacer que el dispositivo agote los recursos de la CPU y deje de procesar el tráfico, lo que resultaría en una condición DoS. Nota: Para recuperarse de la condición DoS, es posible que sea necesario reiniciar el motor de detección Snort 2 o el dispositivo Cisco FTD.",HIGH,
CVE-2023-20095,2023-11-01 18:15:09.207,cisco,adaptive_security_appliance_software,"Una vulnerabilidad en la función VPN de acceso remoto del software Cisco Adaptive Security Appliance (ASA) y el software Cisco Firepower Threat Defense (FTD) podría permitir que un atacante remoto no autenticado cause una condición de Denegación de Servicio (DoS) en un dispositivo afectado. Esta vulnerabilidad se debe a un manejo inadecuado de las solicitudes HTTPS. Un atacante podría aprovechar esta vulnerabilidad enviando solicitudes HTTPS manipuladas a un sistema afectado. Un exploit exitoso podría permitir que el atacante provoque el agotamiento de los recursos, lo que resultaría en una condición DoS.",HIGH,
CVE-2023-20175,2023-11-01 18:15:09.330,cisco,identity_services_engine,"Una vulnerabilidad en un comando específico de Cisco ISE CLI podría permitir que un atacante local autenticado realice ataques de inyección de comandos en el sistema operativo subyacente y eleve los privilegios a root. Para aprovechar esta vulnerabilidad, un atacante debe tener privilegios válidos de nivel de solo lectura o superior en el dispositivo afectado. Esta vulnerabilidad se debe a una validación insuficiente de la entrada proporcionada por el usuario. Un atacante podría aprovechar esta vulnerabilidad enviando un comando CLI manipulado. Un exploit exitoso podría permitir al atacante elevar los privilegios a root.",HIGH,
CVE-2023-20226,2023-09-27 18:15:11.307,cisco,ios_xe,"Una vulnerabilidad en la Application Quality of Experience (AppQoE) y en el Unified Threat Defense (UTD) en el software Cisco IOS XE podría permitir que un atacante remoto no autenticado provoque que un dispositivo afectado se recargue inesperadamente, lo que resultaría en una condición de denegación de servicio (DoS). Esta vulnerabilidad se debe al mal manejo de un flujo de paquetes manipulado a través de la aplicación AppQoE o UTD. Un atacante podría aprovechar esta vulnerabilidad enviando un flujo de paquetes manipulado a través de un dispositivo afectado. Un exploit exitoso podría permitir que el atacante provoque que el dispositivo se recargue, lo que resultaría en una condición DoS.",HIGH,
CVE-2023-20224,2023-08-16 22:15:11.837,cisco,thousandeyes_enterprise_agent,cpe:2.3:a:cisco:thousandeyes_enterprise_agent:*:*:*:*:*:*:*:*,HIGH,
CVE-2022-40681,2023-11-14 19:15:12.803,fortinet,forticlient,"Una autorización incorrecta en Fortinet FortiClient (Windows) 7.0.0 - 7.0.7, 6.4.0 - 6.4.9, 6.2.0 - 6.2.9 y 6.0.0 - 6.0.10 permite a un atacante provocar denegación de servicio mediante envío una solicitud manipulada para una canalización con nombre específico.",HIGH,
CVE-2023-20197,2023-08-16 22:15:10.510,cisco,secure_endpoint,cpe:2.3:a:cisco:secure_endpoint:*:*:*:*:*:linux:*:*,HIGH,
CVE-2022-35849,2023-09-13 13:15:07.823,fortinet,fortiadc,"Una vulnerabilidad de neutralización inadecuada de elementos especiales utilizados en un comando de sistema operativo [CWE-78] en la interfaz de administración de FortiADC 7.1.0 a 7.1.1, 7.0.0 a 7.0.3, 6.2.0 a 6.2.5 y 6.1.0 Todas las versiones pueden permitir que un atacante autenticado ejecute comandos no autorizados mediante argumentos específicamente manipulados para comandos existentes.",HIGH,
CVE-2023-29183,2023-09-13 13:15:08.367,fortinet,fortiproxy,"Una neutralización inadecuada de la entrada durante la vulnerabilidad de generación de páginas web ('Cross-Site Scripting') [CWE-79] en FortiProxy 7.2.0 a 7.2.4, 7.0.0 a 7.0.10 y FortiOS 7.2.0 a 7.2.4, Las versiones 7.0.0 a 7.0.11, 6.4.0 a 6.4.12, 6.2.0 a 6.2.14 pueden permitir que un atacante autenticado desencadene la ejecución de código JavaScript malicioso a través de una configuración de administración de invitados manipulados.",HIGH,
CVE-2023-34984,2023-09-13 13:15:08.527,fortinet,fortiweb,"Una falla en el mecanismo de protección en Fortinet FortiWeb 7.2.0 a 7.2.1, 7.0.0 a 7.0.6, 6.4.0 a 6.4.3, 6.3.6 a 6.3.23 permite a un atacante ejecutar código o comandos no autorizados a través peticiones HTTP especialmente manipuladas.",HIGH,
CVE-2023-36634,2023-09-13 13:15:08.883,fortinet,fortiap-u,"Un filtrado incompleto de una o más instancias de vulnerabilidad de elementos especiales [CWE-792] en el intérprete de línea de comando de FortiAP-U 7.0.0, 6.2.0 a 6.2.5, 6.0 todas las versiones, 5.4 todas las versiones puede permitir un atacante autenticado para enumerar y eliminar archivos y directorios arbitrarios mediante argumentos de comandos especialmente manipulados.",HIGH,
CVE-2023-25607,2023-10-10 17:15:11.147,fortinet,fortiadc,"Una neutralización inadecuada de elementos especiales utilizados en una vulnerabilidad de comando del sistema operativo ('inyección de comando del sistema operativo') [CWE-78] en: 
FortiManager 7.2.0 hasta 7.2.2, 7.0.0 hasta 7.0.7, 6.4.0 hasta 6.4.11, 6.2 todas las versiones, 6.0 todas las versiones, 
FortiAnalyzer 7.2.0 hasta 7.2.2, 7.0.0 hasta 7.0.7, 6.4.0 hasta 6.4.11, 6.2 todas las versiones, 6.0 todas las versiones y 
FortiADC 7.1.0, 7.0.0 hasta 7.0.3, 6.2 todas las versiones, 6.1 todas las versiones, 6.0 todas las versiones. 
La interfaz de administración puede permitir que un atacante autenticado con al menos permisos de LECTURA en la configuración del sistema ejecute comandos arbitrarios en el shell subyacente debido a un uso inseguro de la función wordexp.",HIGH,
CVE-2023-34985,2023-10-10 17:15:11.283,fortinet,fortiwlm,Una neutralización inadecuada de elementos especiales utilizados en un comando del sistema operativo ('inyección de comando del sistema operativo') en Fortinet FortiWLM versión 8.6.0 a 8.6.5 y 8.5.0 a 8.5.4 permite al atacante ejecutar código o comandos no autorizados a través de parámetros de solicitud HTTP get específicamente manipulados.,HIGH,
CVE-2023-34986,2023-10-10 17:15:11.343,fortinet,fortiwlm,Una neutralización inadecuada de elementos especiales utilizados en un comando del sistema operativo ('inyección de comando del sistema operativo') en Fortinet FortiWLM versión 8.6.0 a 8.6.5 y 8.5.0 a 8.5.4 permite al atacante ejecutar código o comandos no autorizados a través de parámetros de solicitud HTTP get específicamente manipulados.,HIGH,
CVE-2023-34987,2023-10-10 17:15:11.403,fortinet,fortiwlm,Una neutralización inadecuada de elementos especiales utilizados en un comando del sistema operativo ('inyección de comando del sistema operativo') en Fortinet FortiWLM versión 8.6.0 a 8.6.5 y 8.5.0 a 8.5.4 permite al atacante ejecutar código o comandos no autorizados a través de parámetros de solicitud HTTP get específicamente manipulados,HIGH,
CVE-2023-34988,2023-10-10 17:15:11.463,fortinet,fortiwlm,Una neutralización inadecuada de elementos especiales utilizados en un comando del sistema operativo ('inyección de comando del sistema operativo') en Fortinet FortiWLM versión 8.6.0 a 8.6.5 y 8.5.0 a 8.5.4 permite al atacante ejecutar código o comandos no autorizados a través de parámetros de solicitud HTTP get específicamente manipulados.,HIGH,
CVE-2023-34989,2023-10-10 17:15:11.520,fortinet,fortiwlm,Una neutralización inadecuada de elementos especiales utilizados en un comando del sistema operativo ('inyección de comando del sistema operativo') en Fortinet FortiWLM versión 8.6.0 a 8.6.5 y 8.5.0 a 8.5.4 permite al atacante ejecutar código o comandos no autorizados a través de parámetros de solicitud HTTP get específicamente manipulados.,HIGH,
CVE-2023-36549,2023-10-10 17:15:11.953,fortinet,fortiwlm,Una neutralización inadecuada de elementos especiales utilizados en un comando del sistema operativo ('inyección de comando del sistema operativo') en Fortinet FortiWLM versión 8.6.0 a 8.6.5 y 8.5.0 a 8.5.4 permite al atacante ejecutar código o comandos no autorizados a través de parámetros de solicitud HTTP get específicamente manipulados.,HIGH,
CVE-2023-36556,2023-10-10 17:15:12.140,fortinet,fortimail,"Una vulnerabilidad de autorización incorrecta [CWE-863] en el correo web FortiMail versión 7.2.0 a 7.2.2, versión 7.0.0 a 7.0.5 e inferior a 6.4.7 permite a un atacante autenticado iniciar sesión en cuentas de otros usuarios desde el mismo dominio web a través de solicitudes HTTP o HTTPs manipuladas.",HIGH,
CVE-2023-40718,2023-10-10 17:15:12.560,fortinet,fortios_ips_engine,"Un conflicto de interpretación en las versiones 7.321, 7.166 y 6.158 de Fortinet IPS Engine permite a un atacante evadir las funciones de IPS a través de paquetes TCP manipulados.",HIGH,
CVE-2023-20211,2023-08-16 22:15:11.337,cisco,unified_communications_manager,cpe:2.3:a:cisco:unified_communications_manager:*:*:*:*:-:*:*:*,HIGH,
CVE-2023-41679,2023-10-10 17:15:12.683,fortinet,fortimanager,"Una vulnerabilidad de control de acceso inadecuado [CWE-284] en la interfaz de administración de FortiManager 7.2.0 a 7.2.2, 7.0.0 a 7.0.7, 6.4.0 a 6.4.11, 6.2 todas las versiones, 6.0 todas las versiones puede permitir a un atacante remoto no autenticado con al menos permiso de ""administración de dispositivos"" en su perfil y perteneciente a un ADOM específico agregar y eliminar scripts CLI en otros ADOM.",HIGH,
CVE-2023-41841,2023-10-10 17:15:12.813,fortinet,fortios,Una vulnerabilidad de autorización inadecuada en Fortinet FortiOS 7.0.0 - 7.0.11 y 7.2.0 - 7.2.4 permite que un atacante que pertenece al perfil prof-admin realice acciones elevadas.,HIGH,
CVE-2023-42788,2023-10-10 17:15:12.987,fortinet,fortianalyzer,"Una neutralización inadecuada de elementos especiales utilizados en una vulnerabilidad de comando del sistema operativo ('Inyección de comando del sistema operativo') [CWE-78] en FortiManager y FortiAnalyzer versión 7.4.0, versión 7.2.0 a 7.2.3, versión 7.0.0 a 7.0.8 , las versiones 6.4.0 a 6.4.12 y 6.2.0 a 6.2.11 pueden permitir que un atacante local con privilegios bajos ejecute código no autorizado a través de argumentos específicamente manipulados para un comando CLI",HIGH,
CVE-2023-33303,2023-10-13 15:15:43.930,fortinet,fortiedr,Una caducidad insuficiente de la sesión en Fortinet FortiEDR versión 5.0.0 a 5.0.1 permite al atacante ejecutar código o comandos no autorizados a través de una solicitud a la API,HIGH,
CVE-2023-41680,2023-10-13 15:15:44.000,fortinet,fortisandbox,"Una neutralización inadecuada de la entrada durante la generación de la página web (""cross-site scripting"") en Fortinet FortiSandbox versión 4.4.1 y 4.4.0 y 4.2.0 a 4.2.5 y 4.0.0 a 4.0.3 y 3.2.0 a 3.2 .4 y 3.1.0 hasta 3.1.5 y 3.0.0 hasta 3.0.7 y 2.5.0 hasta 2.5.2 y 2.4.1 permiten a un atacante ejecutar código o comandos no autorizados a través de solicitudes HTTP manipuladas.",HIGH,
CVE-2023-41681,2023-10-13 15:15:44.060,fortinet,fortisandbox,"Una neutralización inadecuada de la entrada durante la generación de la página web (""cross-site scripting"") en Fortinet FortiSandbox versión 4.4.1 y 4.4.0 y 4.2.0 a 4.2.5 y 4.0.0 a 4.0.3 y 3.2.0 a 3.2 .4 y 3.1.0 hasta 3.1.5 y 3.0.0 hasta 3.0.7 y 2.5.0 hasta 2.5.2 y 2.4.1 permiten a un atacante ejecutar código o comandos no autorizados a través de solicitudes HTTP manipuladas.",HIGH,
CVE-2023-41682,2023-10-13 15:15:44.123,fortinet,fortisandbox,"Una limitación inadecuada de un nombre de ruta a un directorio restringido (""path traversal"") en Fortinet FortiSandbox versión 4.4.0 y 4.2.0 a 4.2.5 y 4.0.0 a 4.0.3 y 3.2.0 a 3.2.4 y 2.5. 0 a 2.5.2 y 2.4.1 y 2.4.0 permiten al atacante denegar el servicio a través de solicitudes HTTP manipuladas.",HIGH,
CVE-2023-41843,2023-10-13 15:15:44.243,fortinet,fortisandbox,"Una neutralización inadecuada de la entrada durante la generación de la página web (""cross-site scripting"") en Fortinet FortiSandbox versión 4.4.1 y 4.4.0 y 4.2.0 a 4.2.5 y 4.0.0 a 4.0.3 permite al atacante ejecutar código no autorizado o comandos a través de solicitudes HTTP manipuladas.",HIGH,
CVE-2023-5913,2023-11-08 17:15:08.193,microfocus,fortify_scancentral_dast,"Vulnerabilidad de asignación de privilegios incorrecta en texto abierto Fortify ScanCentral DAST. La vulnerabilidad podría aprovecharse para obtener privilegios elevados. Este problema afecta a Fortify ScanCentral DAST versiones 21.1, 21.2, 21.2.1, 22.1, 22.1.1, 22.2, 23.1.",HIGH,
CVE-2023-26205,2023-11-14 18:15:28.260,fortinet,fortiadc,"Una vulnerabilidad de control de acceso inadecuado [CWE-284] en la función de automatización FortiADC 7.1.0 a 7.1.2, 7.0 todas las versiones, 6.2 todas las versiones, 6.1 todas las versiones puede permitir que un atacante autenticado con pocos privilegios escale sus privilegios a super_admin a través de una configuración manipulada del script CLI de automatización de fabric.",HIGH,
CVE-2023-41840,2023-11-14 18:15:53.240,fortinet,forticlient,Una vulnerabilidad de ruta de búsqueda no confiable en Fortinet FortiClientWindows 7.0.9 permite a un atacante realizar un ataque de DLL Hijack a través de una librería de motor OpenSSL malicioso en la ruta de búsqueda.,HIGH,
CVE-2023-42783,2023-11-14 18:15:53.853,fortinet,fortiwlm,Path Traversal relativo en Fortinet FortiWLM versión 8.6.0 a 8.6.5 y 8.5.0 a 8.5.4 y 8.4.2 a 8.4.0 y 8.3.2 a 8.3.0 y 8.2.2 permite al atacante leer archivos arbitrarios a través de solicitudes http manipuladas.,HIGH,
CVE-2023-20219,2023-11-01 18:15:09.460,cisco,secure_firewall_management_center,"Múltiples vulnerabilidades en la interfaz de administración web del software Cisco Firepower Management Center (FMC) podrían permitir que un atacante remoto autenticado ejecute comandos arbitrarios en el sistema operativo subyacente. El atacante necesitaría credenciales de dispositivo válidas, pero no necesitaría privilegios de administrador para aprovechar esta vulnerabilidad. Estas vulnerabilidades se deben a una validación insuficiente de la entrada proporcionada por el usuario para ciertas opciones de configuración. Un atacante podría aprovechar estas vulnerabilidades utilizando entradas manipuladas dentro de la GUI de configuración del dispositivo. Un exploit exitoso podría permitir al atacante ejecutar comandos arbitrarios en el dispositivo, incluido el sistema operativo subyacente, lo que también podría afectar la disponibilidad del dispositivo.",HIGH,
CVE-2023-28134,2023-11-12 23:15:09.313,checkpoint,endpoint_security,Un atacante local puede aumentar los privilegios en las instalaciones afectadas de Check Point Harmony Endpoint/ZoneAlarm Extreme Security. Un atacante primero debe obtener la capacidad de ejecutar código con pocos privilegios en el sistema de destino para poder aprovechar esta vulnerabilidad.,HIGH,
CVE-2023-41838,2023-10-10 17:15:12.743,fortinet,fortianalyzer,Una neutralización inadecuada de elementos especiales utilizados en un comando del sistema operativo ('inyección de comando del sistema operativo') en FortiManager 7.4.0 y 7.2.0 a 7.2.3 puede permitir que un atacante ejecute código o comandos no autorizados a través de FortiManager cli.,HIGH,
CVE-2023-20220,2023-11-01 18:15:09.523,cisco,secure_firewall_management_center,"Múltiples vulnerabilidades en la interfaz de administración basada en web del software Cisco Firepower Management Center (FMC) podrían permitir que un atacante remoto autenticado ejecute comandos arbitrarios en el sistema operativo subyacente. Para aprovechar estas vulnerabilidades, el atacante debe tener credenciales de dispositivo válidas, pero no necesita privilegios de administrador. Estas vulnerabilidades se deben a una validación insuficiente de la entrada proporcionada por el usuario para ciertas opciones de configuración. Un atacante podría aprovechar estas vulnerabilidades utilizando entradas manipuladas dentro de la GUI de configuración del dispositivo. Un exploit exitoso podría permitir al atacante ejecutar comandos arbitrarios en el dispositivo, incluido el sistema operativo subyacente, lo que también podría afectar la disponibilidad del dispositivo.",HIGH,
